status,manifest_id,job_slug,dataset,representation,encoder,reupload_depth,seed,mode,split,diagnostic_batch_size,spectral_state_max_samples,returncode,subprocess_wall_time_seconds,memory_report_available,memory_report_source,subprocess_peak_rss_kb,subprocess_peak_rss_mb,gpu_memory_report_available,gpu_memory_report_source,gpu_memory_used_mb_before,gpu_memory_used_mb_after,gpu_memory_used_mb_max_observed,started_at_utc,finished_at_utc,source_csv_path
complete,pendigits,pendigits__dyn__block-hamiltonian__L1__lr0.01__bs32__seed0,pendigits,dyn,block-hamiltonian,1,0,final,validation,32,8,0,25.415719733806327,True,gnu_time_v,3854180,3763.84765625,True,nvidia-smi memory.used before/after subprocess,0.0,0.0,0.0,2026-06-04T13:45:01.672159+00:00,2026-06-04T13:45:27.087884+00:00,results/tables/latent_state_diagnostics/resource_benchmarks/pendigits__pendigits__dyn__block-hamiltonian__L1__lr0.01__bs32__seed0__final_runs.csv
complete,pendigits,pendigits__dyn__block-hamiltonian__L32__lr0.01__bs32__seed0,pendigits,dyn,block-hamiltonian,32,0,final,validation,32,8,0,30.5552497189492,True,gnu_time_v,3893916,3802.65234375,True,nvidia-smi memory.used before/after subprocess,0.0,0.0,0.0,2026-06-04T13:45:33.459554+00:00,2026-06-04T13:46:04.014809+00:00,results/tables/latent_state_diagnostics/resource_benchmarks/pendigits__pendigits__dyn__block-hamiltonian__L32__lr0.01__bs32__seed0__final_runs.csv
complete,pendigits,pendigits__dyn__block-hamiltonian__L8__lr0.01__bs32__seed0,pendigits,dyn,block-hamiltonian,8,0,final,validation,32,8,0,28.97402401198633,True,gnu_time_v,3885392,3794.328125,True,nvidia-smi memory.used before/after subprocess,0.0,0.0,0.0,2026-06-04T13:45:33.459383+00:00,2026-06-04T13:46:02.433412+00:00,results/tables/latent_state_diagnostics/resource_benchmarks/pendigits__pendigits__dyn__block-hamiltonian__L8__lr0.01__bs32__seed0__final_runs.csv
complete,pendigits,pendigits__dyn__fixed-ry-rz__L1__lr0.01__bs32__seed0,pendigits,dyn,fixed-ry-rz,1,0,final,validation,32,8,0,34.66358406096697,True,gnu_time_v,3798856,3709.8203125,True,nvidia-smi memory.used before/after subprocess,0.0,0.0,0.0,2026-06-04T13:40:20.243825+00:00,2026-06-04T13:40:54.907416+00:00,results/tables/latent_state_diagnostics/resource_benchmarks/pendigits__pendigits__dyn__fixed-ry-rz__L1__lr0.01__bs32__seed0__final_runs.csv
complete,pendigits,pendigits__dyn__fixed-ry-rz__L32__lr0.01__bs32__seed0,pendigits,dyn,fixed-ry-rz,32,0,final,validation,32,8,0,57.964362788014114,True,gnu_time_v,3842188,3752.13671875,True,nvidia-smi memory.used before/after subprocess,0.0,0.0,0.0,2026-06-04T13:41:23.832415+00:00,2026-06-04T13:42:21.796783+00:00,results/tables/latent_state_diagnostics/resource_benchmarks/pendigits__pendigits__dyn__fixed-ry-rz__L32__lr0.01__bs32__seed0__final_runs.csv
complete,pendigits,pendigits__dyn__fixed-ry-rz__L8__lr0.01__bs32__seed0,pendigits,dyn,fixed-ry-rz,8,0,final,validation,32,8,0,37.643803318962455,True,gnu_time_v,3885544,3794.4765625,True,nvidia-smi memory.used before/after subprocess,0.0,0.0,0.0,2026-06-04T13:41:23.832280+00:00,2026-06-04T13:42:01.476089+00:00,results/tables/latent_state_diagnostics/resource_benchmarks/pendigits__pendigits__dyn__fixed-ry-rz__L8__lr0.01__bs32__seed0__final_runs.csv
complete,pendigits,pendigits__dyn__fixed-ry__L1__lr0.01__bs32__seed0,pendigits,dyn,fixed-ry,1,0,final,validation,32,8,0,32.2948578922078,True,gnu_time_v,3780772,3692.16015625,True,nvidia-smi memory.used before/after subprocess,0.0,0.0,0.0,2026-06-04T13:40:20.398434+00:00,2026-06-04T13:40:52.693297+00:00,results/tables/latent_state_diagnostics/resource_benchmarks/pendigits__pendigits__dyn__fixed-ry__L1__lr0.01__bs32__seed0__final_runs.csv
complete,pendigits,pendigits__dyn__fixed-ry__L32__lr0.01__bs32__seed0,pendigits,dyn,fixed-ry,32,0,final,validation,32,8,0,56.64514727098867,True,gnu_time_v,3842968,3752.8984375,True,nvidia-smi memory.used before/after subprocess,0.0,0.0,0.0,2026-06-04T13:40:20.243981+00:00,2026-06-04T13:41:16.889133+00:00,results/tables/latent_state_diagnostics/resource_benchmarks/pendigits__pendigits__dyn__fixed-ry__L32__lr0.01__bs32__seed0__final_runs.csv
complete,pendigits,pendigits__dyn__fixed-ry__L8__lr0.01__bs32__seed0,pendigits,dyn,fixed-ry,8,0,final,validation,32,8,0,38.18977695610374,True,gnu_time_v,3878768,3787.859375,True,nvidia-smi memory.used before/after subprocess,0.0,0.0,0.0,2026-06-04T13:40:20.398645+00:00,2026-06-04T13:40:58.588426+00:00,results/tables/latent_state_diagnostics/resource_benchmarks/pendigits__pendigits__dyn__fixed-ry__L8__lr0.01__bs32__seed0__final_runs.csv
complete,pendigits,pendigits__dyn__non-overlap-patch-block-hamiltonian__L1__lr0.01__bs32__seed0,pendigits,dyn,non-overlap-patch-block-hamiltonian,1,0,final,validation,32,8,0,24.564145673066378,True,gnu_time_v,3849672,3759.4453125,True,nvidia-smi memory.used before/after subprocess,0.0,0.0,0.0,2026-06-04T13:43:59.088107+00:00,2026-06-04T13:44:23.652257+00:00,results/tables/latent_state_diagnostics/resource_benchmarks/pendigits__pendigits__dyn__non-overlap-patch-block-hamiltonian__L1__lr0.01__bs32__seed0__final_runs.csv
complete,pendigits,pendigits__dyn__non-overlap-patch-block-hamiltonian__L32__lr0.01__bs32__seed0,pendigits,dyn,non-overlap-patch-block-hamiltonian,32,0,final,validation,32,8,0,33.71129427407868,True,gnu_time_v,3837868,3747.91796875,True,nvidia-smi memory.used before/after subprocess,0.0,0.0,0.0,2026-06-04T13:44:30.982097+00:00,2026-06-04T13:45:04.693396+00:00,results/tables/latent_state_diagnostics/resource_benchmarks/pendigits__pendigits__dyn__non-overlap-patch-block-hamiltonian__L32__lr0.01__bs32__seed0__final_runs.csv
complete,pendigits,pendigits__dyn__non-overlap-patch-block-hamiltonian__L8__lr0.01__bs32__seed0,pendigits,dyn,non-overlap-patch-block-hamiltonian,8,0,final,validation,32,8,0,26.736571793910116,True,gnu_time_v,3844720,3754.609375,True,nvidia-smi memory.used before/after subprocess,0.0,0.0,0.0,2026-06-04T13:43:59.087880+00:00,2026-06-04T13:44:25.824458+00:00,results/tables/latent_state_diagnostics/resource_benchmarks/pendigits__pendigits__dyn__non-overlap-patch-block-hamiltonian__L8__lr0.01__bs32__seed0__final_runs.csv
complete,pendigits,pendigits__dyn__patch-su4__L1__lr0.01__bs32__seed0,pendigits,dyn,patch-su4,1,0,final,validation,32,8,0,28.0762450681068,True,gnu_time_v,3856984,3766.5859375,True,nvidia-smi memory.used before/after subprocess,0.0,0.0,0.0,2026-06-04T13:42:26.214456+00:00,2026-06-04T13:42:54.290706+00:00,results/tables/latent_state_diagnostics/resource_benchmarks/pendigits__pendigits__dyn__patch-su4__L1__lr0.01__bs32__seed0__final_runs.csv
complete,pendigits,pendigits__dyn__patch-su4__L32__lr0.01__bs32__seed0,pendigits,dyn,patch-su4,32,0,final,validation,32,8,0,40.276461094850674,True,gnu_time_v,3887284,3796.17578125,True,nvidia-smi memory.used before/after subprocess,0.0,0.0,0.0,2026-06-04T13:42:57.304418+00:00,2026-06-04T13:43:37.580884+00:00,results/tables/latent_state_diagnostics/resource_benchmarks/pendigits__pendigits__dyn__patch-su4__L32__lr0.01__bs32__seed0__final_runs.csv
complete,pendigits,pendigits__dyn__patch-su4__L8__lr0.01__bs32__seed0,pendigits,dyn,patch-su4,8,0,final,validation,32,8,0,32.929396545980126,True,gnu_time_v,3821324,3731.76171875,True,nvidia-smi memory.used before/after subprocess,0.0,0.0,0.0,2026-06-04T13:42:26.214896+00:00,2026-06-04T13:42:59.144299+00:00,results/tables/latent_state_diagnostics/resource_benchmarks/pendigits__pendigits__dyn__patch-su4__L8__lr0.01__bs32__seed0__final_runs.csv
complete,pendigits,pendigits__dyn__symmetric-hamiltonian__L1__lr0.01__bs32__seed0,pendigits,dyn,symmetric-hamiltonian,1,0,final,validation,32,8,0,26.429380944930017,True,gnu_time_v,3861540,3771.03515625,True,nvidia-smi memory.used before/after subprocess,0.0,0.0,0.0,2026-06-04T13:44:30.982382+00:00,2026-06-04T13:44:57.411768+00:00,results/tables/latent_state_diagnostics/resource_benchmarks/pendigits__pendigits__dyn__symmetric-hamiltonian__L1__lr0.01__bs32__seed0__final_runs.csv
complete,pendigits,pendigits__dyn__symmetric-hamiltonian__L32__lr0.01__bs32__seed0,pendigits,dyn,symmetric-hamiltonian,32,0,final,validation,32,8,0,35.42490338999778,True,gnu_time_v,3884464,3793.421875,True,nvidia-smi memory.used before/after subprocess,0.0,0.0,0.0,2026-06-04T13:44:31.679727+00:00,2026-06-04T13:45:07.104637+00:00,results/tables/latent_state_diagnostics/resource_benchmarks/pendigits__pendigits__dyn__symmetric-hamiltonian__L32__lr0.01__bs32__seed0__final_runs.csv
complete,pendigits,pendigits__dyn__symmetric-hamiltonian__L8__lr0.01__bs32__seed0,pendigits,dyn,symmetric-hamiltonian,8,0,final,validation,32,8,0,32.02574633411132,True,gnu_time_v,3878200,3787.3046875,True,nvidia-smi memory.used before/after subprocess,0.0,0.0,0.0,2026-06-04T13:44:31.679306+00:00,2026-06-04T13:45:03.705059+00:00,results/tables/latent_state_diagnostics/resource_benchmarks/pendigits__pendigits__dyn__symmetric-hamiltonian__L8__lr0.01__bs32__seed0__final_runs.csv
complete,pendigits,pendigits__dyn__trainable-frequency-ry__L1__lr0.01__bs32__seed0,pendigits,dyn,trainable-frequency-ry,1,0,final,validation,32,8,0,33.21502321702428,True,gnu_time_v,3840376,3750.3671875,True,nvidia-smi memory.used before/after subprocess,0.0,0.0,0.0,2026-06-04T13:41:23.386991+00:00,2026-06-04T13:41:56.602020+00:00,results/tables/latent_state_diagnostics/resource_benchmarks/pendigits__pendigits__dyn__trainable-frequency-ry__L1__lr0.01__bs32__seed0__final_runs.csv
complete,pendigits,pendigits__dyn__trainable-frequency-ry__L32__lr0.01__bs32__seed0,pendigits,dyn,trainable-frequency-ry,32,0,final,validation,32,8,0,53.786493218969554,True,gnu_time_v,3844476,3754.37109375,True,nvidia-smi memory.used before/after subprocess,0.0,0.0,0.0,2026-06-04T13:42:26.104265+00:00,2026-06-04T13:43:19.890764+00:00,results/tables/latent_state_diagnostics/resource_benchmarks/pendigits__pendigits__dyn__trainable-frequency-ry__L32__lr0.01__bs32__seed0__final_runs.csv
complete,pendigits,pendigits__dyn__trainable-frequency-ry__L8__lr0.01__bs32__seed0,pendigits,dyn,trainable-frequency-ry,8,0,final,validation,32,8,0,38.838189736008644,True,gnu_time_v,3883576,3792.5546875,True,nvidia-smi memory.used before/after subprocess,0.0,0.0,0.0,2026-06-04T13:41:23.387913+00:00,2026-06-04T13:42:02.226112+00:00,results/tables/latent_state_diagnostics/resource_benchmarks/pendigits__pendigits__dyn__trainable-frequency-ry__L8__lr0.01__bs32__seed0__final_runs.csv
complete,pendigits,pendigits__dyn__trainable-patch-su4__L1__lr0.01__bs32__seed0,pendigits,dyn,trainable-patch-su4,1,0,final,validation,32,8,0,25.57455430808477,True,gnu_time_v,3831440,3741.640625,True,nvidia-smi memory.used before/after subprocess,0.0,0.0,0.0,2026-06-04T13:43:27.859064+00:00,2026-06-04T13:43:53.433623+00:00,results/tables/latent_state_diagnostics/resource_benchmarks/pendigits__pendigits__dyn__trainable-patch-su4__L1__lr0.01__bs32__seed0__final_runs.csv
complete,pendigits,pendigits__dyn__trainable-patch-su4__L32__lr0.01__bs32__seed0,pendigits,dyn,trainable-patch-su4,32,0,final,validation,32,8,0,46.518125226022676,True,gnu_time_v,3879652,3788.72265625,True,nvidia-smi memory.used before/after subprocess,0.0,0.0,0.0,2026-06-04T13:43:28.816699+00:00,2026-06-04T13:44:15.334830+00:00,results/tables/latent_state_diagnostics/resource_benchmarks/pendigits__pendigits__dyn__trainable-patch-su4__L32__lr0.01__bs32__seed0__final_runs.csv
complete,pendigits,pendigits__dyn__trainable-patch-su4__L8__lr0.01__bs32__seed0,pendigits,dyn,trainable-patch-su4,8,0,final,validation,32,8,0,32.15869037993252,True,gnu_time_v,3876080,3785.234375,True,nvidia-smi memory.used before/after subprocess,0.0,0.0,0.0,2026-06-04T13:43:28.816398+00:00,2026-06-04T13:44:00.975093+00:00,results/tables/latent_state_diagnostics/resource_benchmarks/pendigits__pendigits__dyn__trainable-patch-su4__L8__lr0.01__bs32__seed0__final_runs.csv
complete,pendigits,pendigits__sta4__block-hamiltonian__L1__lr0.01__bs32__seed0,pendigits,sta4,block-hamiltonian,1,0,final,validation,32,8,0,26.804673076840118,True,gnu_time_v,3863332,3772.78515625,True,nvidia-smi memory.used before/after subprocess,0.0,0.0,0.0,2026-06-04T13:51:16.857986+00:00,2026-06-04T13:51:43.662664+00:00,results/tables/latent_state_diagnostics/resource_benchmarks/pendigits__pendigits__sta4__block-hamiltonian__L1__lr0.01__bs32__seed0__final_runs.csv
complete,pendigits,pendigits__sta4__block-hamiltonian__L32__lr0.01__bs32__seed0,pendigits,sta4,block-hamiltonian,32,0,final,validation,32,8,0,39.021705235820264,True,gnu_time_v,3914136,3822.3984375,True,nvidia-smi memory.used before/after subprocess,0.0,0.0,0.0,2026-06-04T13:51:17.416698+00:00,2026-06-04T13:51:56.438410+00:00,results/tables/latent_state_diagnostics/resource_benchmarks/pendigits__pendigits__sta4__block-hamiltonian__L32__lr0.01__bs32__seed0__final_runs.csv
complete,pendigits,pendigits__sta4__block-hamiltonian__L8__lr0.01__bs32__seed0,pendigits,sta4,block-hamiltonian,8,0,final,validation,32,8,0,31.82231875997968,True,gnu_time_v,3880204,3789.26171875,True,nvidia-smi memory.used before/after subprocess,0.0,0.0,0.0,2026-06-04T13:51:17.416695+00:00,2026-06-04T13:51:49.239019+00:00,results/tables/latent_state_diagnostics/resource_benchmarks/pendigits__pendigits__sta4__block-hamiltonian__L8__lr0.01__bs32__seed0__final_runs.csv
complete,pendigits,pendigits__sta4__fixed-ry-rz__L1__lr0.01__bs32__seed0,pendigits,sta4,fixed-ry-rz,1,0,final,validation,32,8,0,32.36570034199394,True,gnu_time_v,3804824,3715.6484375,True,nvidia-smi memory.used before/after subprocess,0.0,0.0,0.0,2026-06-04T13:46:36.289661+00:00,2026-06-04T13:47:08.655367+00:00,results/tables/latent_state_diagnostics/resource_benchmarks/pendigits__pendigits__sta4__fixed-ry-rz__L1__lr0.01__bs32__seed0__final_runs.csv
complete,pendigits,pendigits__sta4__fixed-ry-rz__L32__lr0.01__bs32__seed0,pendigits,sta4,fixed-ry-rz,32,0,final,validation,32,8,0,65.26181566016749,True,gnu_time_v,3907728,3816.140625,True,nvidia-smi memory.used before/after subprocess,0.0,0.0,0.0,2026-06-04T13:46:36.224028+00:00,2026-06-04T13:47:41.485851+00:00,results/tables/latent_state_diagnostics/resource_benchmarks/pendigits__pendigits__sta4__fixed-ry-rz__L32__lr0.01__bs32__seed0__final_runs.csv
complete,pendigits,pendigits__sta4__fixed-ry-rz__L8__lr0.01__bs32__seed0,pendigits,sta4,fixed-ry-rz,8,0,final,validation,32,8,0,39.80586211010814,True,gnu_time_v,3891672,3800.4609375,True,nvidia-smi memory.used before/after subprocess,0.0,0.0,0.0,2026-06-04T13:46:36.223797+00:00,2026-06-04T13:47:16.029664+00:00,results/tables/latent_state_diagnostics/resource_benchmarks/pendigits__pendigits__sta4__fixed-ry-rz__L8__lr0.01__bs32__seed0__final_runs.csv
complete,pendigits,pendigits__sta4__fixed-ry__L1__lr0.01__bs32__seed0,pendigits,sta4,fixed-ry,1,0,final,validation,32,8,0,31.950437986990437,True,gnu_time_v,3867012,3776.37890625,True,nvidia-smi memory.used before/after subprocess,0.0,0.0,0.0,2026-06-04T13:45:34.155720+00:00,2026-06-04T13:46:06.106163+00:00,results/tables/latent_state_diagnostics/resource_benchmarks/pendigits__pendigits__sta4__fixed-ry__L1__lr0.01__bs32__seed0__final_runs.csv
complete,pendigits,pendigits__sta4__fixed-ry__L32__lr0.01__bs32__seed0,pendigits,sta4,fixed-ry,32,0,final,validation,32,8,0,55.87327317590825,True,gnu_time_v,3898840,3807.4609375,True,nvidia-smi memory.used before/after subprocess,0.0,0.0,0.0,2026-06-04T13:46:36.289361+00:00,2026-06-04T13:47:32.162639+00:00,results/tables/latent_state_diagnostics/resource_benchmarks/pendigits__pendigits__sta4__fixed-ry__L32__lr0.01__bs32__seed0__final_runs.csv
complete,pendigits,pendigits__sta4__fixed-ry__L8__lr0.01__bs32__seed0,pendigits,sta4,fixed-ry,8,0,final,validation,32,8,0,39.875036132056266,True,gnu_time_v,3862944,3772.40625,True,nvidia-smi memory.used before/after subprocess,0.0,0.0,0.0,2026-06-04T13:45:34.156103+00:00,2026-06-04T13:46:14.031145+00:00,results/tables/latent_state_diagnostics/resource_benchmarks/pendigits__pendigits__sta4__fixed-ry__L8__lr0.01__bs32__seed0__final_runs.csv
complete,pendigits,pendigits__sta4__non-overlap-patch-block-hamiltonian__L1__lr0.01__bs32__seed0,pendigits,sta4,non-overlap-patch-block-hamiltonian,1,0,final,validation,32,8,0,26.084139260929078,True,gnu_time_v,3808932,3719.66015625,True,nvidia-smi memory.used before/after subprocess,0.0,0.0,0.0,2026-06-04T13:49:43.605467+00:00,2026-06-04T13:50:09.689611+00:00,results/tables/latent_state_diagnostics/resource_benchmarks/pendigits__pendigits__sta4__non-overlap-patch-block-hamiltonian__L1__lr0.01__bs32__seed0__final_runs.csv
complete,pendigits,pendigits__sta4__non-overlap-patch-block-hamiltonian__L32__lr0.01__bs32__seed0,pendigits,sta4,non-overlap-patch-block-hamiltonian,32,0,final,validation,32,8,0,35.68727696710266,True,gnu_time_v,3839564,3749.57421875,True,nvidia-smi memory.used before/after subprocess,0.0,0.0,0.0,2026-06-04T13:50:14.406857+00:00,2026-06-04T13:50:50.094139+00:00,results/tables/latent_state_diagnostics/resource_benchmarks/pendigits__pendigits__sta4__non-overlap-patch-block-hamiltonian__L32__lr0.01__bs32__seed0__final_runs.csv
complete,pendigits,pendigits__sta4__non-overlap-patch-block-hamiltonian__L8__lr0.01__bs32__seed0,pendigits,sta4,non-overlap-patch-block-hamiltonian,8,0,final,validation,32,8,0,28.343846089905128,True,gnu_time_v,3844052,3753.95703125,True,nvidia-smi memory.used before/after subprocess,0.0,0.0,0.0,2026-06-04T13:49:43.605643+00:00,2026-06-04T13:50:11.949494+00:00,results/tables/latent_state_diagnostics/resource_benchmarks/pendigits__pendigits__sta4__non-overlap-patch-block-hamiltonian__L8__lr0.01__bs32__seed0__final_runs.csv
complete,pendigits,pendigits__sta4__patch-su4__L1__lr0.01__bs32__seed0,pendigits,sta4,patch-su4,1,0,final,validation,32,8,0,27.700444624060765,True,gnu_time_v,3839968,3749.96875,True,nvidia-smi memory.used before/after subprocess,0.0,0.0,0.0,2026-06-04T13:48:10.293555+00:00,2026-06-04T13:48:37.994007+00:00,results/tables/latent_state_diagnostics/resource_benchmarks/pendigits__pendigits__sta4__patch-su4__L1__lr0.01__bs32__seed0__final_runs.csv
complete,pendigits,pendigits__sta4__patch-su4__L32__lr0.01__bs32__seed0,pendigits,sta4,patch-su4,32,0,final,validation,32,8,0,42.805434230016544,True,gnu_time_v,3887584,3796.46875,True,nvidia-smi memory.used before/after subprocess,0.0,0.0,0.0,2026-06-04T13:48:40.830812+00:00,2026-06-04T13:49:23.636251+00:00,results/tables/latent_state_diagnostics/resource_benchmarks/pendigits__pendigits__sta4__patch-su4__L32__lr0.01__bs32__seed0__final_runs.csv
complete,pendigits,pendigits__sta4__patch-su4__L8__lr0.01__bs32__seed0,pendigits,sta4,patch-su4,8,0,final,validation,32,8,0,31.331864143023267,True,gnu_time_v,3872636,3781.87109375,True,nvidia-smi memory.used before/after subprocess,0.0,0.0,0.0,2026-06-04T13:48:40.830805+00:00,2026-06-04T13:49:12.162674+00:00,results/tables/latent_state_diagnostics/resource_benchmarks/pendigits__pendigits__sta4__patch-su4__L8__lr0.01__bs32__seed0__final_runs.csv
complete,pendigits,pendigits__sta4__symmetric-hamiltonian__L1__lr0.01__bs32__seed0,pendigits,sta4,symmetric-hamiltonian,1,0,final,validation,32,8,0,26.348041634075344,True,gnu_time_v,3822232,3732.6484375,True,nvidia-smi memory.used before/after subprocess,0.0,0.0,0.0,2026-06-04T13:50:15.115208+00:00,2026-06-04T13:50:41.463255+00:00,results/tables/latent_state_diagnostics/resource_benchmarks/pendigits__pendigits__sta4__symmetric-hamiltonian__L1__lr0.01__bs32__seed0__final_runs.csv
complete,pendigits,pendigits__sta4__symmetric-hamiltonian__L32__lr0.01__bs32__seed0,pendigits,sta4,symmetric-hamiltonian,32,0,final,validation,32,8,0,31.858923964900896,True,gnu_time_v,3863700,3773.14453125,True,nvidia-smi memory.used before/after subprocess,0.0,0.0,0.0,2026-06-04T13:50:45.816627+00:00,2026-06-04T13:51:17.675556+00:00,results/tables/latent_state_diagnostics/resource_benchmarks/pendigits__pendigits__sta4__symmetric-hamiltonian__L32__lr0.01__bs32__seed0__final_runs.csv
complete,pendigits,pendigits__sta4__symmetric-hamiltonian__L8__lr0.01__bs32__seed0,pendigits,sta4,symmetric-hamiltonian,8,0,final,validation,32,8,0,31.15562927001156,True,gnu_time_v,3895504,3804.203125,True,nvidia-smi memory.used before/after subprocess,0.0,0.0,0.0,2026-06-04T13:50:15.115707+00:00,2026-06-04T13:50:46.271344+00:00,results/tables/latent_state_diagnostics/resource_benchmarks/pendigits__pendigits__sta4__symmetric-hamiltonian__L8__lr0.01__bs32__seed0__final_runs.csv
complete,pendigits,pendigits__sta4__trainable-frequency-ry__L1__lr0.01__bs32__seed0,pendigits,sta4,trainable-frequency-ry,1,0,final,validation,32,8,0,29.93904365412891,True,gnu_time_v,3840944,3750.921875,True,nvidia-smi memory.used before/after subprocess,0.0,0.0,0.0,2026-06-04T13:47:38.925370+00:00,2026-06-04T13:48:08.864419+00:00,results/tables/latent_state_diagnostics/resource_benchmarks/pendigits__pendigits__sta4__trainable-frequency-ry__L1__lr0.01__bs32__seed0__final_runs.csv
complete,pendigits,pendigits__sta4__trainable-frequency-ry__L32__lr0.01__bs32__seed0,pendigits,sta4,trainable-frequency-ry,32,0,final,validation,32,8,0,54.71263473504223,True,gnu_time_v,3850588,3760.33984375,True,nvidia-smi memory.used before/after subprocess,0.0,0.0,0.0,2026-06-04T13:47:38.917921+00:00,2026-06-04T13:48:33.630561+00:00,results/tables/latent_state_diagnostics/resource_benchmarks/pendigits__pendigits__sta4__trainable-frequency-ry__L32__lr0.01__bs32__seed0__final_runs.csv
complete,pendigits,pendigits__sta4__trainable-frequency-ry__L8__lr0.01__bs32__seed0,pendigits,sta4,trainable-frequency-ry,8,0,final,validation,32,8,0,36.34306145715527,True,gnu_time_v,3882876,3791.87109375,True,nvidia-smi memory.used before/after subprocess,0.0,0.0,0.0,2026-06-04T13:47:38.925222+00:00,2026-06-04T13:48:15.268288+00:00,results/tables/latent_state_diagnostics/resource_benchmarks/pendigits__pendigits__sta4__trainable-frequency-ry__L8__lr0.01__bs32__seed0__final_runs.csv
complete,pendigits,pendigits__sta4__trainable-patch-su4__L1__lr0.01__bs32__seed0,pendigits,sta4,trainable-patch-su4,1,0,final,validation,32,8,0,26.805772992083803,True,gnu_time_v,3900896,3809.46875,True,nvidia-smi memory.used before/after subprocess,0.0,0.0,0.0,2026-06-04T13:48:40.878975+00:00,2026-06-04T13:49:07.684753+00:00,results/tables/latent_state_diagnostics/resource_benchmarks/pendigits__pendigits__sta4__trainable-patch-su4__L1__lr0.01__bs32__seed0__final_runs.csv
complete,pendigits,pendigits__sta4__trainable-patch-su4__L32__lr0.01__bs32__seed0,pendigits,sta4,trainable-patch-su4,32,0,final,validation,32,8,0,44.476863994961604,True,gnu_time_v,3890772,3799.58203125,True,nvidia-smi memory.used before/after subprocess,0.0,0.0,0.0,2026-06-04T13:49:11.876628+00:00,2026-06-04T13:49:56.353500+00:00,results/tables/latent_state_diagnostics/resource_benchmarks/pendigits__pendigits__sta4__trainable-patch-su4__L32__lr0.01__bs32__seed0__final_runs.csv
complete,pendigits,pendigits__sta4__trainable-patch-su4__L8__lr0.01__bs32__seed0,pendigits,sta4,trainable-patch-su4,8,0,final,validation,32,8,0,29.96042453101836,True,gnu_time_v,3876436,3785.58203125,True,nvidia-smi memory.used before/after subprocess,0.0,0.0,0.0,2026-06-04T13:49:11.876327+00:00,2026-06-04T13:49:41.836757+00:00,results/tables/latent_state_diagnostics/resource_benchmarks/pendigits__pendigits__sta4__trainable-patch-su4__L8__lr0.01__bs32__seed0__final_runs.csv
complete,synthetic,synthetic-eigengap__synthetic__block-hamiltonian__L1__lr0.01__bs64__seed0,synthetic-eigengap,synthetic,block-hamiltonian,1,0,final,validation,32,8,0,30.300736891804263,True,gnu_time_v,3946936,3854.4296875,True,nvidia-smi memory.used before/after subprocess,0.0,0.0,0.0,2026-06-04T13:57:29.842022+00:00,2026-06-04T13:58:00.142765+00:00,results/tables/latent_state_diagnostics/resource_benchmarks/synthetic__synthetic-eigengap__synthetic__block-hamiltonian__L1__lr0.01__bs64__seed0__final_runs.csv
complete,synthetic,synthetic-eigengap__synthetic__block-hamiltonian__L32__lr0.01__bs64__seed0,synthetic-eigengap,synthetic,block-hamiltonian,32,0,final,validation,32,8,0,34.04409309197217,True,gnu_time_v,3983172,3889.81640625,True,nvidia-smi memory.used before/after subprocess,0.0,0.0,0.0,2026-06-04T13:58:00.645311+00:00,2026-06-04T13:58:34.689409+00:00,results/tables/latent_state_diagnostics/resource_benchmarks/synthetic__synthetic-eigengap__synthetic__block-hamiltonian__L32__lr0.01__bs64__seed0__final_runs.csv
complete,synthetic,synthetic-eigengap__synthetic__block-hamiltonian__L8__lr0.01__bs64__seed0,synthetic-eigengap,synthetic,block-hamiltonian,8,0,final,validation,32,8,0,32.69153209798969,True,gnu_time_v,3973384,3880.2578125,True,nvidia-smi memory.used before/after subprocess,0.0,0.0,0.0,2026-06-04T13:57:29.842348+00:00,2026-06-04T13:58:02.533887+00:00,results/tables/latent_state_diagnostics/resource_benchmarks/synthetic__synthetic-eigengap__synthetic__block-hamiltonian__L8__lr0.01__bs64__seed0__final_runs.csv
complete,synthetic,synthetic-eigengap__synthetic__fixed-ry-rz__L1__lr0.01__bs64__seed0,synthetic-eigengap,synthetic,fixed-ry-rz,1,0,final,validation,32,8,0,36.51072341389954,True,gnu_time_v,3959648,3866.84375,True,nvidia-smi memory.used before/after subprocess,0.0,0.0,0.0,2026-06-04T13:52:19.325558+00:00,2026-06-04T13:52:55.836288+00:00,results/tables/latent_state_diagnostics/resource_benchmarks/synthetic__synthetic-eigengap__synthetic__fixed-ry-rz__L1__lr0.01__bs64__seed0__final_runs.csv
complete,synthetic,synthetic-eigengap__synthetic__fixed-ry-rz__L32__lr0.01__bs64__seed0,synthetic-eigengap,synthetic,fixed-ry-rz,32,0,final,validation,32,8,0,61.25927122402936,True,gnu_time_v,4041248,3946.53125,True,nvidia-smi memory.used before/after subprocess,0.0,0.0,0.0,2026-06-04T13:52:49.803258+00:00,2026-06-04T13:53:51.062534+00:00,results/tables/latent_state_diagnostics/resource_benchmarks/synthetic__synthetic-eigengap__synthetic__fixed-ry-rz__L32__lr0.01__bs64__seed0__final_runs.csv
complete,synthetic,synthetic-eigengap__synthetic__fixed-ry-rz__L8__lr0.01__bs64__seed0,synthetic-eigengap,synthetic,fixed-ry-rz,8,0,final,validation,32,8,0,40.38068376807496,True,gnu_time_v,3984244,3890.86328125,True,nvidia-smi memory.used before/after subprocess,0.0,0.0,0.0,2026-06-04T13:52:49.803461+00:00,2026-06-04T13:53:30.184149+00:00,results/tables/latent_state_diagnostics/resource_benchmarks/synthetic__synthetic-eigengap__synthetic__fixed-ry-rz__L8__lr0.01__bs64__seed0__final_runs.csv
complete,synthetic,synthetic-eigengap__synthetic__fixed-ry__L1__lr0.01__bs64__seed0,synthetic-eigengap,synthetic,fixed-ry,1,0,final,validation,32,8,0,32.896394110051915,True,gnu_time_v,3921932,3830.01171875,True,nvidia-smi memory.used before/after subprocess,0.0,0.0,0.0,2026-06-04T13:51:47.711660+00:00,2026-06-04T13:52:20.608059+00:00,results/tables/latent_state_diagnostics/resource_benchmarks/synthetic__synthetic-eigengap__synthetic__fixed-ry__L1__lr0.01__bs64__seed0__final_runs.csv
complete,synthetic,synthetic-eigengap__synthetic__fixed-ry__L32__lr0.01__bs64__seed0,synthetic-eigengap,synthetic,fixed-ry,32,0,final,validation,32,8,0,59.6515581398271,True,gnu_time_v,4045144,3950.3359375,True,nvidia-smi memory.used before/after subprocess,0.0,0.0,0.0,2026-06-04T13:52:19.324442+00:00,2026-06-04T13:53:18.976006+00:00,results/tables/latent_state_diagnostics/resource_benchmarks/synthetic__synthetic-eigengap__synthetic__fixed-ry__L32__lr0.01__bs64__seed0__final_runs.csv
complete,synthetic,synthetic-eigengap__synthetic__fixed-ry__L8__lr0.01__bs64__seed0,synthetic-eigengap,synthetic,fixed-ry,8,0,final,validation,32,8,0,38.31959648919292,True,gnu_time_v,4025396,3931.05078125,True,nvidia-smi memory.used before/after subprocess,0.0,0.0,0.0,2026-06-04T13:51:47.711425+00:00,2026-06-04T13:52:26.031028+00:00,results/tables/latent_state_diagnostics/resource_benchmarks/synthetic__synthetic-eigengap__synthetic__fixed-ry__L8__lr0.01__bs64__seed0__final_runs.csv
complete,synthetic,synthetic-eigengap__synthetic__non-overlap-patch-block-hamiltonian__L1__lr0.01__bs64__seed0,synthetic-eigengap,synthetic,non-overlap-patch-block-hamiltonian,1,0,final,validation,32,8,0,29.543386640958488,True,gnu_time_v,3924852,3832.86328125,True,nvidia-smi memory.used before/after subprocess,0.0,0.0,0.0,2026-06-04T13:55:56.648886+00:00,2026-06-04T13:56:26.192278+00:00,results/tables/latent_state_diagnostics/resource_benchmarks/synthetic__synthetic-eigengap__synthetic__non-overlap-patch-block-hamiltonian__L1__lr0.01__bs64__seed0__final_runs.csv
complete,synthetic,synthetic-eigengap__synthetic__non-overlap-patch-block-hamiltonian__L32__lr0.01__bs64__seed0,synthetic-eigengap,synthetic,non-overlap-patch-block-hamiltonian,32,0,final,validation,32,8,0,41.32384840096347,True,gnu_time_v,3978032,3884.796875,True,nvidia-smi memory.used before/after subprocess,0.0,0.0,0.0,2026-06-04T13:56:27.754872+00:00,2026-06-04T13:57:09.078726+00:00,results/tables/latent_state_diagnostics/resource_benchmarks/synthetic__synthetic-eigengap__synthetic__non-overlap-patch-block-hamiltonian__L32__lr0.01__bs64__seed0__final_runs.csv
complete,synthetic,synthetic-eigengap__synthetic__non-overlap-patch-block-hamiltonian__L8__lr0.01__bs64__seed0,synthetic-eigengap,synthetic,non-overlap-patch-block-hamiltonian,8,0,final,validation,32,8,0,31.77774036489427,True,gnu_time_v,3960864,3868.03125,True,nvidia-smi memory.used before/after subprocess,0.0,0.0,0.0,2026-06-04T13:55:56.649210+00:00,2026-06-04T13:56:28.426956+00:00,results/tables/latent_state_diagnostics/resource_benchmarks/synthetic__synthetic-eigengap__synthetic__non-overlap-patch-block-hamiltonian__L8__lr0.01__bs64__seed0__final_runs.csv
complete,synthetic,synthetic-eigengap__synthetic__patch-su4__L1__lr0.01__bs64__seed0,synthetic-eigengap,synthetic,patch-su4,1,0,final,validation,32,8,0,25.938396077835932,True,gnu_time_v,3954572,3861.88671875,True,nvidia-smi memory.used before/after subprocess,0.0,0.0,0.0,2026-06-04T13:54:22.866199+00:00,2026-06-04T13:54:48.804600+00:00,results/tables/latent_state_diagnostics/resource_benchmarks/synthetic__synthetic-eigengap__synthetic__patch-su4__L1__lr0.01__bs64__seed0__final_runs.csv
complete,synthetic,synthetic-eigengap__synthetic__patch-su4__L32__lr0.01__bs64__seed0,synthetic-eigengap,synthetic,patch-su4,32,0,final,validation,32,8,0,42.311512967105955,True,gnu_time_v,3982112,3888.78125,True,nvidia-smi memory.used before/after subprocess,0.0,0.0,0.0,2026-06-04T13:54:54.209247+00:00,2026-06-04T13:55:36.520765+00:00,results/tables/latent_state_diagnostics/resource_benchmarks/synthetic__synthetic-eigengap__synthetic__patch-su4__L32__lr0.01__bs64__seed0__final_runs.csv
complete,synthetic,synthetic-eigengap__synthetic__patch-su4__L8__lr0.01__bs64__seed0,synthetic-eigengap,synthetic,patch-su4,8,0,final,validation,32,8,0,36.27208046708256,True,gnu_time_v,3907632,3816.046875,True,nvidia-smi memory.used before/after subprocess,0.0,0.0,0.0,2026-06-04T13:54:23.416718+00:00,2026-06-04T13:54:59.688805+00:00,results/tables/latent_state_diagnostics/resource_benchmarks/synthetic__synthetic-eigengap__synthetic__patch-su4__L8__lr0.01__bs64__seed0__final_runs.csv
complete,synthetic,synthetic-eigengap__synthetic__symmetric-hamiltonian__L1__lr0.01__bs64__seed0,synthetic-eigengap,synthetic,symmetric-hamiltonian,1,0,final,validation,32,8,0,32.373669497901574,True,gnu_time_v,3899136,3807.75,True,nvidia-smi memory.used before/after subprocess,0.0,0.0,0.0,2026-06-04T13:56:27.755022+00:00,2026-06-04T13:57:00.128699+00:00,results/tables/latent_state_diagnostics/resource_benchmarks/synthetic__synthetic-eigengap__synthetic__symmetric-hamiltonian__L1__lr0.01__bs64__seed0__final_runs.csv
complete,synthetic,synthetic-eigengap__synthetic__symmetric-hamiltonian__L32__lr0.01__bs64__seed0,synthetic-eigengap,synthetic,symmetric-hamiltonian,32,0,final,validation,32,8,0,34.43651128001511,True,gnu_time_v,4015264,3921.15625,True,nvidia-smi memory.used before/after subprocess,0.0,0.0,0.0,2026-06-04T13:56:58.672645+00:00,2026-06-04T13:57:33.109161+00:00,results/tables/latent_state_diagnostics/resource_benchmarks/synthetic__synthetic-eigengap__synthetic__symmetric-hamiltonian__L32__lr0.01__bs64__seed0__final_runs.csv
complete,synthetic,synthetic-eigengap__synthetic__symmetric-hamiltonian__L8__lr0.01__bs64__seed0,synthetic-eigengap,synthetic,symmetric-hamiltonian,8,0,final,validation,32,8,0,31.75848268601112,True,gnu_time_v,3982576,3889.234375,True,nvidia-smi memory.used before/after subprocess,0.0,0.0,0.0,2026-06-04T13:56:58.672840+00:00,2026-06-04T13:57:30.431328+00:00,results/tables/latent_state_diagnostics/resource_benchmarks/synthetic__synthetic-eigengap__synthetic__symmetric-hamiltonian__L8__lr0.01__bs64__seed0__final_runs.csv
complete,synthetic,synthetic-eigengap__synthetic__trainable-frequency-ry__L1__lr0.01__bs64__seed0,synthetic-eigengap,synthetic,trainable-frequency-ry,1,0,final,validation,32,8,0,37.13909535203129,True,gnu_time_v,3990588,3897.05859375,True,nvidia-smi memory.used before/after subprocess,0.0,0.0,0.0,2026-06-04T13:53:20.828763+00:00,2026-06-04T13:53:57.967866+00:00,results/tables/latent_state_diagnostics/resource_benchmarks/synthetic__synthetic-eigengap__synthetic__trainable-frequency-ry__L1__lr0.01__bs64__seed0__final_runs.csv
complete,synthetic,synthetic-eigengap__synthetic__trainable-frequency-ry__L32__lr0.01__bs64__seed0,synthetic-eigengap,synthetic,trainable-frequency-ry,32,0,final,validation,32,8,0,58.38571963692084,True,gnu_time_v,4041744,3947.015625,True,nvidia-smi memory.used before/after subprocess,0.0,0.0,0.0,2026-06-04T13:53:52.039507+00:00,2026-06-04T13:54:50.425233+00:00,results/tables/latent_state_diagnostics/resource_benchmarks/synthetic__synthetic-eigengap__synthetic__trainable-frequency-ry__L32__lr0.01__bs64__seed0__final_runs.csv
complete,synthetic,synthetic-eigengap__synthetic__trainable-frequency-ry__L8__lr0.01__bs64__seed0,synthetic-eigengap,synthetic,trainable-frequency-ry,8,0,final,validation,32,8,0,37.38726938003674,True,gnu_time_v,4025836,3931.48046875,True,nvidia-smi memory.used before/after subprocess,0.0,0.0,0.0,2026-06-04T13:53:51.840282+00:00,2026-06-04T13:54:29.227557+00:00,results/tables/latent_state_diagnostics/resource_benchmarks/synthetic__synthetic-eigengap__synthetic__trainable-frequency-ry__L8__lr0.01__bs64__seed0__final_runs.csv
complete,synthetic,synthetic-eigengap__synthetic__trainable-patch-su4__L1__lr0.01__bs64__seed0,synthetic-eigengap,synthetic,trainable-patch-su4,1,0,final,validation,32,8,0,27.58655428700149,True,gnu_time_v,3945220,3852.75390625,True,nvidia-smi memory.used before/after subprocess,0.0,0.0,0.0,2026-06-04T13:54:54.209558+00:00,2026-06-04T13:55:21.796118+00:00,results/tables/latent_state_diagnostics/resource_benchmarks/synthetic__synthetic-eigengap__synthetic__trainable-patch-su4__L1__lr0.01__bs64__seed0__final_runs.csv
complete,synthetic,synthetic-eigengap__synthetic__trainable-patch-su4__L32__lr0.01__bs64__seed0,synthetic-eigengap,synthetic,trainable-patch-su4,32,0,final,validation,32,8,0,49.435421311995015,True,gnu_time_v,3981268,3887.95703125,True,nvidia-smi memory.used before/after subprocess,0.0,0.0,0.0,2026-06-04T13:55:25.703626+00:00,2026-06-04T13:56:15.139054+00:00,results/tables/latent_state_diagnostics/resource_benchmarks/synthetic__synthetic-eigengap__synthetic__trainable-patch-su4__L32__lr0.01__bs64__seed0__final_runs.csv
complete,synthetic,synthetic-eigengap__synthetic__trainable-patch-su4__L8__lr0.01__bs64__seed0,synthetic-eigengap,synthetic,trainable-patch-su4,8,0,final,validation,32,8,0,36.74243788886815,True,gnu_time_v,3959480,3866.6796875,True,nvidia-smi memory.used before/after subprocess,0.0,0.0,0.0,2026-06-04T13:55:25.702500+00:00,2026-06-04T13:56:02.444943+00:00,results/tables/latent_state_diagnostics/resource_benchmarks/synthetic__synthetic-eigengap__synthetic__trainable-patch-su4__L8__lr0.01__bs64__seed0__final_runs.csv
complete,synthetic,synthetic-singular__synthetic__block-hamiltonian__L1__lr0.01__bs64__seed0,synthetic-singular,synthetic,block-hamiltonian,1,0,final,validation,32,8,0,29.21841343003325,True,gnu_time_v,3983660,3890.29296875,True,nvidia-smi memory.used before/after subprocess,0.0,0.0,0.0,2026-06-04T14:03:10.890895+00:00,2026-06-04T14:03:40.109314+00:00,results/tables/latent_state_diagnostics/resource_benchmarks/synthetic__synthetic-singular__synthetic__block-hamiltonian__L1__lr0.01__bs64__seed0__final_runs.csv
complete,synthetic,synthetic-singular__synthetic__block-hamiltonian__L32__lr0.01__bs64__seed0,synthetic-singular,synthetic,block-hamiltonian,32,0,final,validation,32,8,0,41.30113777704537,True,gnu_time_v,4053868,3958.85546875,True,nvidia-smi memory.used before/after subprocess,0.0,0.0,0.0,2026-06-04T14:03:11.249549+00:00,2026-06-04T14:03:52.550693+00:00,results/tables/latent_state_diagnostics/resource_benchmarks/synthetic__synthetic-singular__synthetic__block-hamiltonian__L32__lr0.01__bs64__seed0__final_runs.csv
complete,synthetic,synthetic-singular__synthetic__block-hamiltonian__L8__lr0.01__bs64__seed0,synthetic-singular,synthetic,block-hamiltonian,8,0,final,validation,32,8,0,33.29940825304948,True,gnu_time_v,3978520,3885.2734375,True,nvidia-smi memory.used before/after subprocess,0.0,0.0,0.0,2026-06-04T14:03:11.541663+00:00,2026-06-04T14:03:44.841078+00:00,results/tables/latent_state_diagnostics/resource_benchmarks/synthetic__synthetic-singular__synthetic__block-hamiltonian__L8__lr0.01__bs64__seed0__final_runs.csv
complete,synthetic,synthetic-singular__synthetic__fixed-ry-rz__L1__lr0.01__bs64__seed0,synthetic-singular,synthetic,fixed-ry-rz,1,0,final,validation,32,8,0,35.608345818007365,True,gnu_time_v,3943140,3850.72265625,True,nvidia-smi memory.used before/after subprocess,0.0,0.0,0.0,2026-06-04T13:59:02.741520+00:00,2026-06-04T13:59:38.349871+00:00,results/tables/latent_state_diagnostics/resource_benchmarks/synthetic__synthetic-singular__synthetic__fixed-ry-rz__L1__lr0.01__bs64__seed0__final_runs.csv
complete,synthetic,synthetic-singular__synthetic__fixed-ry-rz__L32__lr0.01__bs64__seed0,synthetic-singular,synthetic,fixed-ry-rz,32,0,final,validation,32,8,0,67.47959111188538,True,gnu_time_v,4006948,3913.03515625,True,nvidia-smi memory.used before/after subprocess,0.0,0.0,0.0,2026-06-04T13:59:34.057883+00:00,2026-06-04T14:00:41.537479+00:00,results/tables/latent_state_diagnostics/resource_benchmarks/synthetic__synthetic-singular__synthetic__fixed-ry-rz__L32__lr0.01__bs64__seed0__final_runs.csv
complete,synthetic,synthetic-singular__synthetic__fixed-ry-rz__L8__lr0.01__bs64__seed0,synthetic-singular,synthetic,fixed-ry-rz,8,0,final,validation,32,8,0,40.5764053510502,True,gnu_time_v,4041500,3946.77734375,True,nvidia-smi memory.used before/after subprocess,0.0,0.0,0.0,2026-06-04T13:59:02.741737+00:00,2026-06-04T13:59:43.318147+00:00,results/tables/latent_state_diagnostics/resource_benchmarks/synthetic__synthetic-singular__synthetic__fixed-ry-rz__L8__lr0.01__bs64__seed0__final_runs.csv
complete,synthetic,synthetic-singular__synthetic__fixed-ry__L1__lr0.01__bs64__seed0,synthetic-singular,synthetic,fixed-ry,1,0,final,validation,32,8,0,33.97368262405507,True,gnu_time_v,3979460,3886.19140625,True,nvidia-smi memory.used before/after subprocess,0.0,0.0,0.0,2026-06-04T13:58:00.645508+00:00,2026-06-04T13:58:34.619197+00:00,results/tables/latent_state_diagnostics/resource_benchmarks/synthetic__synthetic-singular__synthetic__fixed-ry__L1__lr0.01__bs64__seed0__final_runs.csv
complete,synthetic,synthetic-singular__synthetic__fixed-ry__L32__lr0.01__bs64__seed0,synthetic-singular,synthetic,fixed-ry,32,0,final,validation,32,8,0,63.93903015903197,True,gnu_time_v,4053552,3958.546875,True,nvidia-smi memory.used before/after subprocess,0.0,0.0,0.0,2026-06-04T13:58:31.823863+00:00,2026-06-04T13:59:35.762900+00:00,results/tables/latent_state_diagnostics/resource_benchmarks/synthetic__synthetic-singular__synthetic__fixed-ry__L32__lr0.01__bs64__seed0__final_runs.csv
complete,synthetic,synthetic-singular__synthetic__fixed-ry__L8__lr0.01__bs64__seed0,synthetic-singular,synthetic,fixed-ry,8,0,final,validation,32,8,0,43.585495312931016,True,gnu_time_v,3972604,3879.49609375,True,nvidia-smi memory.used before/after subprocess,0.0,0.0,0.0,2026-06-04T13:58:31.823613+00:00,2026-06-04T13:59:15.409114+00:00,results/tables/latent_state_diagnostics/resource_benchmarks/synthetic__synthetic-singular__synthetic__fixed-ry__L8__lr0.01__bs64__seed0__final_runs.csv
complete,synthetic,synthetic-singular__synthetic__non-overlap-patch-block-hamiltonian__L1__lr0.01__bs64__seed0,synthetic-singular,synthetic,non-overlap-patch-block-hamiltonian,1,0,final,validation,32,8,0,28.92013415391557,True,gnu_time_v,3894996,3803.70703125,True,nvidia-smi memory.used before/after subprocess,0.0,0.0,0.0,2026-06-04T14:01:38.441496+00:00,2026-06-04T14:02:07.361635+00:00,results/tables/latent_state_diagnostics/resource_benchmarks/synthetic__synthetic-singular__synthetic__non-overlap-patch-block-hamiltonian__L1__lr0.01__bs64__seed0__final_runs.csv
complete,synthetic,synthetic-singular__synthetic__non-overlap-patch-block-hamiltonian__L32__lr0.01__bs64__seed0,synthetic-singular,synthetic,non-overlap-patch-block-hamiltonian,32,0,final,validation,32,8,0,45.34359942795709,True,gnu_time_v,3935724,3843.48046875,True,nvidia-smi memory.used before/after subprocess,0.0,0.0,0.0,2026-06-04T14:02:10.195996+00:00,2026-06-04T14:02:55.539602+00:00,results/tables/latent_state_diagnostics/resource_benchmarks/synthetic__synthetic-singular__synthetic__non-overlap-patch-block-hamiltonian__L32__lr0.01__bs64__seed0__final_runs.csv
complete,synthetic,synthetic-singular__synthetic__non-overlap-patch-block-hamiltonian__L8__lr0.01__bs64__seed0,synthetic-singular,synthetic,non-overlap-patch-block-hamiltonian,8,0,final,validation,32,8,0,32.60778715694323,True,gnu_time_v,3929852,3837.74609375,True,nvidia-smi memory.used before/after subprocess,0.0,0.0,0.0,2026-06-04T14:02:09.451010+00:00,2026-06-04T14:02:42.058802+00:00,results/tables/latent_state_diagnostics/resource_benchmarks/synthetic__synthetic-singular__synthetic__non-overlap-patch-block-hamiltonian__L8__lr0.01__bs64__seed0__final_runs.csv
complete,synthetic,synthetic-singular__synthetic__patch-su4__L1__lr0.01__bs64__seed0,synthetic-singular,synthetic,patch-su4,1,0,final,validation,32,8,0,32.82824822887778,True,gnu_time_v,3945908,3853.42578125,True,nvidia-smi memory.used before/after subprocess,0.0,0.0,0.0,2026-06-04T14:00:05.142477+00:00,2026-06-04T14:00:37.970732+00:00,results/tables/latent_state_diagnostics/resource_benchmarks/synthetic__synthetic-singular__synthetic__patch-su4__L1__lr0.01__bs64__seed0__final_runs.csv
complete,synthetic,synthetic-singular__synthetic__patch-su4__L32__lr0.01__bs64__seed0,synthetic-singular,synthetic,patch-su4,32,0,final,validation,32,8,0,45.013855630066246,True,gnu_time_v,3997664,3903.96875,True,nvidia-smi memory.used before/after subprocess,0.0,0.0,0.0,2026-06-04T14:01:06.889500+00:00,2026-06-04T14:01:51.903360+00:00,results/tables/latent_state_diagnostics/resource_benchmarks/synthetic__synthetic-singular__synthetic__patch-su4__L32__lr0.01__bs64__seed0__final_runs.csv
complete,synthetic,synthetic-singular__synthetic__patch-su4__L8__lr0.01__bs64__seed0,synthetic-singular,synthetic,patch-su4,8,0,final,validation,32,8,0,32.930645134998485,True,gnu_time_v,3978756,3885.50390625,True,nvidia-smi memory.used before/after subprocess,0.0,0.0,0.0,2026-06-04T14:00:36.070535+00:00,2026-06-04T14:01:09.001186+00:00,results/tables/latent_state_diagnostics/resource_benchmarks/synthetic__synthetic-singular__synthetic__patch-su4__L8__lr0.01__bs64__seed0__final_runs.csv
complete,synthetic,synthetic-singular__synthetic__symmetric-hamiltonian__L1__lr0.01__bs64__seed0,synthetic-singular,synthetic,symmetric-hamiltonian,1,0,final,validation,32,8,0,32.08585416711867,True,gnu_time_v,3953788,3861.12109375,True,nvidia-smi memory.used before/after subprocess,0.0,0.0,0.0,2026-06-04T14:02:08.322272+00:00,2026-06-04T14:02:40.408133+00:00,results/tables/latent_state_diagnostics/resource_benchmarks/synthetic__synthetic-singular__synthetic__symmetric-hamiltonian__L1__lr0.01__bs64__seed0__final_runs.csv
complete,synthetic,synthetic-singular__synthetic__symmetric-hamiltonian__L32__lr0.01__bs64__seed0,synthetic-singular,synthetic,symmetric-hamiltonian,32,0,final,validation,32,8,0,35.330186173086986,True,gnu_time_v,4019128,3924.9296875,True,nvidia-smi memory.used before/after subprocess,0.0,0.0,0.0,2026-06-04T14:02:39.248278+00:00,2026-06-04T14:03:14.578470+00:00,results/tables/latent_state_diagnostics/resource_benchmarks/synthetic__synthetic-singular__synthetic__symmetric-hamiltonian__L32__lr0.01__bs64__seed0__final_runs.csv
complete,synthetic,synthetic-singular__synthetic__symmetric-hamiltonian__L8__lr0.01__bs64__seed0,synthetic-singular,synthetic,symmetric-hamiltonian,8,0,final,validation,32,8,0,29.52388358488679,True,gnu_time_v,4019064,3924.8671875,True,nvidia-smi memory.used before/after subprocess,0.0,0.0,0.0,2026-06-04T14:02:39.928961+00:00,2026-06-04T14:03:09.452850+00:00,results/tables/latent_state_diagnostics/resource_benchmarks/synthetic__synthetic-singular__synthetic__symmetric-hamiltonian__L8__lr0.01__bs64__seed0__final_runs.csv
complete,synthetic,synthetic-singular__synthetic__trainable-frequency-ry__L1__lr0.01__bs64__seed0,synthetic-singular,synthetic,trainable-frequency-ry,1,0,final,validation,32,8,0,34.78658214583993,True,gnu_time_v,4001888,3908.09375,True,nvidia-smi memory.used before/after subprocess,0.0,0.0,0.0,2026-06-04T13:59:33.676352+00:00,2026-06-04T14:00:08.462939+00:00,results/tables/latent_state_diagnostics/resource_benchmarks/synthetic__synthetic-singular__synthetic__trainable-frequency-ry__L1__lr0.01__bs64__seed0__final_runs.csv
complete,synthetic,synthetic-singular__synthetic__trainable-frequency-ry__L32__lr0.01__bs64__seed0,synthetic-singular,synthetic,trainable-frequency-ry,32,0,final,validation,32,8,0,58.97896947292611,True,gnu_time_v,4056300,3961.23046875,True,nvidia-smi memory.used before/after subprocess,0.0,0.0,0.0,2026-06-04T14:00:04.877997+00:00,2026-06-04T14:01:03.856972+00:00,results/tables/latent_state_diagnostics/resource_benchmarks/synthetic__synthetic-singular__synthetic__trainable-frequency-ry__L32__lr0.01__bs64__seed0__final_runs.csv
complete,synthetic,synthetic-singular__synthetic__trainable-frequency-ry__L8__lr0.01__bs64__seed0,synthetic-singular,synthetic,trainable-frequency-ry,8,0,final,validation,32,8,0,40.34161895699799,True,gnu_time_v,3990060,3896.54296875,True,nvidia-smi memory.used before/after subprocess,0.0,0.0,0.0,2026-06-04T14:00:04.878390+00:00,2026-06-04T14:00:45.220014+00:00,results/tables/latent_state_diagnostics/resource_benchmarks/synthetic__synthetic-singular__synthetic__trainable-frequency-ry__L8__lr0.01__bs64__seed0__final_runs.csv
complete,synthetic,synthetic-singular__synthetic__trainable-patch-su4__L1__lr0.01__bs64__seed0,synthetic-singular,synthetic,trainable-patch-su4,1,0,final,validation,32,8,0,32.44879287015647,True,gnu_time_v,3933648,3841.453125,True,nvidia-smi memory.used before/after subprocess,0.0,0.0,0.0,2026-06-04T14:01:07.496780+00:00,2026-06-04T14:01:39.945578+00:00,results/tables/latent_state_diagnostics/resource_benchmarks/synthetic__synthetic-singular__synthetic__trainable-patch-su4__L1__lr0.01__bs64__seed0__final_runs.csv
complete,synthetic,synthetic-singular__synthetic__trainable-patch-su4__L32__lr0.01__bs64__seed0,synthetic-singular,synthetic,trainable-patch-su4,32,0,final,validation,32,8,0,43.8297312699724,True,gnu_time_v,3993180,3899.58984375,True,nvidia-smi memory.used before/after subprocess,0.0,0.0,0.0,2026-06-04T14:01:38.088206+00:00,2026-06-04T14:02:21.917942+00:00,results/tables/latent_state_diagnostics/resource_benchmarks/synthetic__synthetic-singular__synthetic__trainable-patch-su4__L32__lr0.01__bs64__seed0__final_runs.csv
complete,synthetic,synthetic-singular__synthetic__trainable-patch-su4__L8__lr0.01__bs64__seed0,synthetic-singular,synthetic,trainable-patch-su4,8,0,final,validation,32,8,0,34.03421133803204,True,gnu_time_v,3934656,3842.4375,True,nvidia-smi memory.used before/after subprocess,0.0,0.0,0.0,2026-06-04T14:01:07.285793+00:00,2026-06-04T14:01:41.320012+00:00,results/tables/latent_state_diagnostics/resource_benchmarks/synthetic__synthetic-singular__synthetic__trainable-patch-su4__L8__lr0.01__bs64__seed0__final_runs.csv
complete,pendigits,pendigits__dyn__block-hamiltonian__L1__lr0.01__bs32__seed0,pendigits,dyn,block-hamiltonian,1,0,checkpoints,validation,32,8,0,38.039128846954554,True,gnu_time_v,4020280,3926.0546875,True,nvidia-smi memory.used before/after subprocess,0.0,0.0,0.0,2026-06-04T14:32:47.813103+00:00,2026-06-04T14:33:25.852237+00:00,results/tables/latent_state_diagnostics/resource_benchmarks_checkpoints/pendigits__pendigits__dyn__block-hamiltonian__L1__lr0.01__bs32__seed0__checkpoints_runs.csv
complete,pendigits,pendigits__dyn__block-hamiltonian__L32__lr0.01__bs32__seed0,pendigits,dyn,block-hamiltonian,32,0,checkpoints,validation,32,8,0,78.51084935409017,True,gnu_time_v,4099144,4003.0703125,True,nvidia-smi memory.used before/after subprocess,0.0,0.0,0.0,2026-06-04T14:33:19.900942+00:00,2026-06-04T14:34:38.411797+00:00,results/tables/latent_state_diagnostics/resource_benchmarks_checkpoints/pendigits__pendigits__dyn__block-hamiltonian__L32__lr0.01__bs32__seed0__checkpoints_runs.csv
complete,pendigits,pendigits__dyn__block-hamiltonian__L8__lr0.01__bs32__seed0,pendigits,dyn,block-hamiltonian,8,0,checkpoints,validation,32,8,0,56.696336620952934,True,gnu_time_v,4155968,4058.5625,True,nvidia-smi memory.used before/after subprocess,0.0,0.0,0.0,2026-06-04T14:32:48.478678+00:00,2026-06-04T14:33:45.175021+00:00,results/tables/latent_state_diagnostics/resource_benchmarks_checkpoints/pendigits__pendigits__dyn__block-hamiltonian__L8__lr0.01__bs32__seed0__checkpoints_runs.csv
complete,pendigits,pendigits__dyn__fixed-ry-rz__L1__lr0.01__bs32__seed0,pendigits,dyn,fixed-ry-rz,1,0,checkpoints,validation,32,8,0,48.83298862189986,True,gnu_time_v,3985412,3892.00390625,True,nvidia-smi memory.used before/after subprocess,0.0,0.0,0.0,2026-06-04T14:24:53.427188+00:00,2026-06-04T14:25:42.260181+00:00,results/tables/latent_state_diagnostics/resource_benchmarks_checkpoints/pendigits__pendigits__dyn__fixed-ry-rz__L1__lr0.01__bs32__seed0__checkpoints_runs.csv
complete,pendigits,pendigits__dyn__fixed-ry-rz__L32__lr0.01__bs32__seed0,pendigits,dyn,fixed-ry-rz,32,0,checkpoints,validation,32,8,0,254.1642781731207,True,gnu_time_v,4124352,4027.6875,True,nvidia-smi memory.used before/after subprocess,0.0,0.0,0.0,2026-06-04T14:25:56.113053+00:00,2026-06-04T14:30:10.277336+00:00,results/tables/latent_state_diagnostics/resource_benchmarks_checkpoints/pendigits__pendigits__dyn__fixed-ry-rz__L32__lr0.01__bs32__seed0__checkpoints_runs.csv
complete,pendigits,pendigits__dyn__fixed-ry-rz__L8__lr0.01__bs32__seed0,pendigits,dyn,fixed-ry-rz,8,0,checkpoints,validation,32,8,0,104.02037028991617,True,gnu_time_v,4031412,3936.92578125,True,nvidia-smi memory.used before/after subprocess,0.0,0.0,0.0,2026-06-04T14:24:53.427508+00:00,2026-06-04T14:26:37.447885+00:00,results/tables/latent_state_diagnostics/resource_benchmarks_checkpoints/pendigits__pendigits__dyn__fixed-ry-rz__L8__lr0.01__bs32__seed0__checkpoints_runs.csv
complete,pendigits,pendigits__dyn__fixed-ry__L1__lr0.01__bs32__seed0,pendigits,dyn,fixed-ry,1,0,checkpoints,validation,32,8,0,41.87559078610502,True,gnu_time_v,3929020,3836.93359375,True,nvidia-smi memory.used before/after subprocess,0.0,0.0,0.0,2026-06-04T14:24:53.065784+00:00,2026-06-04T14:25:34.941380+00:00,results/tables/latent_state_diagnostics/resource_benchmarks_checkpoints/pendigits__pendigits__dyn__fixed-ry__L1__lr0.01__bs32__seed0__checkpoints_runs.csv
complete,pendigits,pendigits__dyn__fixed-ry__L32__lr0.01__bs32__seed0,pendigits,dyn,fixed-ry,32,0,checkpoints,validation,32,8,0,253.73526471410878,True,gnu_time_v,4187496,4089.3515625,True,nvidia-smi memory.used before/after subprocess,0.0,0.0,0.0,2026-06-04T14:24:53.769673+00:00,2026-06-04T14:29:07.504945+00:00,results/tables/latent_state_diagnostics/resource_benchmarks_checkpoints/pendigits__pendigits__dyn__fixed-ry__L32__lr0.01__bs32__seed0__checkpoints_runs.csv
complete,pendigits,pendigits__dyn__fixed-ry__L8__lr0.01__bs32__seed0,pendigits,dyn,fixed-ry,8,0,checkpoints,validation,32,8,0,91.41161532793194,True,gnu_time_v,4053916,3958.90234375,True,nvidia-smi memory.used before/after subprocess,0.0,0.0,0.0,2026-06-04T14:24:53.066064+00:00,2026-06-04T14:26:24.477684+00:00,results/tables/latent_state_diagnostics/resource_benchmarks_checkpoints/pendigits__pendigits__dyn__fixed-ry__L8__lr0.01__bs32__seed0__checkpoints_runs.csv
complete,pendigits,pendigits__dyn__non-overlap-patch-block-hamiltonian__L1__lr0.01__bs32__seed0,pendigits,dyn,non-overlap-patch-block-hamiltonian,1,0,checkpoints,validation,32,8,0,38.18560505588539,True,gnu_time_v,3854648,3764.3046875,True,nvidia-smi memory.used before/after subprocess,0.0,0.0,0.0,2026-06-04T14:30:42.763942+00:00,2026-06-04T14:31:20.949556+00:00,results/tables/latent_state_diagnostics/resource_benchmarks_checkpoints/pendigits__pendigits__dyn__non-overlap-patch-block-hamiltonian__L1__lr0.01__bs32__seed0__checkpoints_runs.csv
complete,pendigits,pendigits__dyn__non-overlap-patch-block-hamiltonian__L32__lr0.01__bs32__seed0,pendigits,dyn,non-overlap-patch-block-hamiltonian,32,0,checkpoints,validation,32,8,0,126.51254457002506,True,gnu_time_v,4061392,3966.203125,True,nvidia-smi memory.used before/after subprocess,0.0,0.0,0.0,2026-06-04T14:31:13.311019+00:00,2026-06-04T14:33:19.823571+00:00,results/tables/latent_state_diagnostics/resource_benchmarks_checkpoints/pendigits__pendigits__dyn__non-overlap-patch-block-hamiltonian__L32__lr0.01__bs32__seed0__checkpoints_runs.csv
complete,pendigits,pendigits__dyn__non-overlap-patch-block-hamiltonian__L8__lr0.01__bs32__seed0,pendigits,dyn,non-overlap-patch-block-hamiltonian,8,0,checkpoints,validation,32,8,0,55.17570148501545,True,gnu_time_v,3925672,3833.6640625,True,nvidia-smi memory.used before/after subprocess,0.0,0.0,0.0,2026-06-04T14:31:13.310713+00:00,2026-06-04T14:32:08.486420+00:00,results/tables/latent_state_diagnostics/resource_benchmarks_checkpoints/pendigits__pendigits__dyn__non-overlap-patch-block-hamiltonian__L8__lr0.01__bs32__seed0__checkpoints_runs.csv
complete,pendigits,pendigits__dyn__patch-su4__L1__lr0.01__bs32__seed0,pendigits,dyn,patch-su4,1,0,checkpoints,validation,32,8,0,45.58875141199678,True,gnu_time_v,4055344,3960.296875,True,nvidia-smi memory.used before/after subprocess,0.0,0.0,0.0,2026-06-04T14:27:00.222835+00:00,2026-06-04T14:27:45.811594+00:00,results/tables/latent_state_diagnostics/resource_benchmarks_checkpoints/pendigits__pendigits__dyn__patch-su4__L1__lr0.01__bs32__seed0__checkpoints_runs.csv
complete,pendigits,pendigits__dyn__patch-su4__L32__lr0.01__bs32__seed0,pendigits,dyn,patch-su4,32,0,checkpoints,validation,32,8,0,148.8832151191309,True,gnu_time_v,4098848,4002.78125,True,nvidia-smi memory.used before/after subprocess,0.0,0.0,0.0,2026-06-04T14:29:07.138076+00:00,2026-06-04T14:31:36.021295+00:00,results/tables/latent_state_diagnostics/resource_benchmarks_checkpoints/pendigits__pendigits__dyn__patch-su4__L32__lr0.01__bs32__seed0__checkpoints_runs.csv
complete,pendigits,pendigits__dyn__patch-su4__L8__lr0.01__bs32__seed0,pendigits,dyn,patch-su4,8,0,checkpoints,validation,32,8,0,74.42098057083786,True,gnu_time_v,4111688,4015.3203125,True,nvidia-smi memory.used before/after subprocess,0.0,0.0,0.0,2026-06-04T14:28:04.539894+00:00,2026-06-04T14:29:18.960882+00:00,results/tables/latent_state_diagnostics/resource_benchmarks_checkpoints/pendigits__pendigits__dyn__patch-su4__L8__lr0.01__bs32__seed0__checkpoints_runs.csv
complete,pendigits,pendigits__dyn__symmetric-hamiltonian__L1__lr0.01__bs32__seed0,pendigits,dyn,symmetric-hamiltonian,1,0,checkpoints,validation,32,8,0,40.20354187279008,True,gnu_time_v,4048512,3953.625,True,nvidia-smi memory.used before/after subprocess,0.0,0.0,0.0,2026-06-04T14:31:44.865547+00:00,2026-06-04T14:32:25.069094+00:00,results/tables/latent_state_diagnostics/resource_benchmarks_checkpoints/pendigits__pendigits__dyn__symmetric-hamiltonian__L1__lr0.01__bs32__seed0__checkpoints_runs.csv
complete,pendigits,pendigits__dyn__symmetric-hamiltonian__L32__lr0.01__bs32__seed0,pendigits,dyn,symmetric-hamiltonian,32,0,checkpoints,validation,32,8,0,85.76544494414702,True,gnu_time_v,4189680,4091.484375,True,nvidia-smi memory.used before/after subprocess,0.0,0.0,0.0,2026-06-04T14:32:16.919743+00:00,2026-06-04T14:33:42.685193+00:00,results/tables/latent_state_diagnostics/resource_benchmarks_checkpoints/pendigits__pendigits__dyn__symmetric-hamiltonian__L32__lr0.01__bs32__seed0__checkpoints_runs.csv
complete,pendigits,pendigits__dyn__symmetric-hamiltonian__L8__lr0.01__bs32__seed0,pendigits,dyn,symmetric-hamiltonian,8,0,checkpoints,validation,32,8,0,53.363925085170195,True,gnu_time_v,4080192,3984.5625,True,nvidia-smi memory.used before/after subprocess,0.0,0.0,0.0,2026-06-04T14:31:45.475321+00:00,2026-06-04T14:32:38.839255+00:00,results/tables/latent_state_diagnostics/resource_benchmarks_checkpoints/pendigits__pendigits__dyn__symmetric-hamiltonian__L8__lr0.01__bs32__seed0__checkpoints_runs.csv
complete,pendigits,pendigits__dyn__trainable-frequency-ry__L1__lr0.01__bs32__seed0,pendigits,dyn,trainable-frequency-ry,1,0,checkpoints,validation,32,8,0,42.17129322513938,True,gnu_time_v,3960528,3867.703125,True,nvidia-smi memory.used before/after subprocess,0.0,0.0,0.0,2026-06-04T14:25:55.849636+00:00,2026-06-04T14:26:38.020935+00:00,results/tables/latent_state_diagnostics/resource_benchmarks_checkpoints/pendigits__pendigits__dyn__trainable-frequency-ry__L1__lr0.01__bs32__seed0__checkpoints_runs.csv
complete,pendigits,pendigits__dyn__trainable-frequency-ry__L32__lr0.01__bs32__seed0,pendigits,dyn,trainable-frequency-ry,32,0,checkpoints,validation,32,8,0,223.98666357295588,True,gnu_time_v,4146964,4049.76953125,True,nvidia-smi memory.used before/after subprocess,0.0,0.0,0.0,2026-06-04T14:27:00.222462+00:00,2026-06-04T14:30:44.209131+00:00,results/tables/latent_state_diagnostics/resource_benchmarks_checkpoints/pendigits__pendigits__dyn__trainable-frequency-ry__L32__lr0.01__bs32__seed0__checkpoints_runs.csv
complete,pendigits,pendigits__dyn__trainable-frequency-ry__L8__lr0.01__bs32__seed0,pendigits,dyn,trainable-frequency-ry,8,0,checkpoints,validation,32,8,0,93.58739710389636,True,gnu_time_v,4146916,4049.72265625,True,nvidia-smi memory.used before/after subprocess,0.0,0.0,0.0,2026-06-04T14:26:59.749244+00:00,2026-06-04T14:28:33.336646+00:00,results/tables/latent_state_diagnostics/resource_benchmarks_checkpoints/pendigits__pendigits__dyn__trainable-frequency-ry__L8__lr0.01__bs32__seed0__checkpoints_runs.csv
complete,pendigits,pendigits__dyn__trainable-patch-su4__L1__lr0.01__bs32__seed0,pendigits,dyn,trainable-patch-su4,1,0,checkpoints,validation,32,8,0,46.691740536130965,True,gnu_time_v,4066304,3971.0,True,nvidia-smi memory.used before/after subprocess,0.0,0.0,0.0,2026-06-04T14:29:39.795458+00:00,2026-06-04T14:30:26.487206+00:00,results/tables/latent_state_diagnostics/resource_benchmarks_checkpoints/pendigits__pendigits__dyn__trainable-patch-su4__L1__lr0.01__bs32__seed0__checkpoints_runs.csv
complete,pendigits,pendigits__dyn__trainable-patch-su4__L32__lr0.01__bs32__seed0,pendigits,dyn,trainable-patch-su4,32,0,checkpoints,validation,32,8,0,149.27806943282485,True,gnu_time_v,4095296,3999.3125,True,nvidia-smi memory.used before/after subprocess,0.0,0.0,0.0,2026-06-04T14:30:42.071078+00:00,2026-06-04T14:33:11.349152+00:00,results/tables/latent_state_diagnostics/resource_benchmarks_checkpoints/pendigits__pendigits__dyn__trainable-patch-su4__L32__lr0.01__bs32__seed0__checkpoints_runs.csv
complete,pendigits,pendigits__dyn__trainable-patch-su4__L8__lr0.01__bs32__seed0,pendigits,dyn,trainable-patch-su4,8,0,checkpoints,validation,32,8,0,72.17919316189364,True,gnu_time_v,4122636,4026.01171875,True,nvidia-smi memory.used before/after subprocess,0.0,0.0,0.0,2026-06-04T14:29:39.230371+00:00,2026-06-04T14:30:51.409571+00:00,results/tables/latent_state_diagnostics/resource_benchmarks_checkpoints/pendigits__pendigits__dyn__trainable-patch-su4__L8__lr0.01__bs32__seed0__checkpoints_runs.csv
complete,pendigits,pendigits__sta4__block-hamiltonian__L1__lr0.01__bs32__seed0,pendigits,sta4,block-hamiltonian,1,0,checkpoints,validation,32,8,0,37.103087707888335,True,gnu_time_v,3984864,3891.46875,True,nvidia-smi memory.used before/after subprocess,0.0,0.0,0.0,2026-06-04T14:41:41.603399+00:00,2026-06-04T14:42:18.706491+00:00,results/tables/latent_state_diagnostics/resource_benchmarks_checkpoints/pendigits__pendigits__sta4__block-hamiltonian__L1__lr0.01__bs32__seed0__checkpoints_runs.csv
complete,pendigits,pendigits__sta4__block-hamiltonian__L32__lr0.01__bs32__seed0,pendigits,sta4,block-hamiltonian,32,0,checkpoints,validation,32,8,0,85.70237671304494,True,gnu_time_v,4179768,4081.8046875,True,nvidia-smi memory.used before/after subprocess,0.0,0.0,0.0,2026-06-04T14:42:12.724846+00:00,2026-06-04T14:43:38.427228+00:00,results/tables/latent_state_diagnostics/resource_benchmarks_checkpoints/pendigits__pendigits__sta4__block-hamiltonian__L32__lr0.01__bs32__seed0__checkpoints_runs.csv
complete,pendigits,pendigits__sta4__block-hamiltonian__L8__lr0.01__bs32__seed0,pendigits,sta4,block-hamiltonian,8,0,checkpoints,validation,32,8,0,50.37917582481168,True,gnu_time_v,3988028,3894.55859375,True,nvidia-smi memory.used before/after subprocess,0.0,0.0,0.0,2026-06-04T14:41:41.603696+00:00,2026-06-04T14:42:31.982879+00:00,results/tables/latent_state_diagnostics/resource_benchmarks_checkpoints/pendigits__pendigits__sta4__block-hamiltonian__L8__lr0.01__bs32__seed0__checkpoints_runs.csv
complete,pendigits,pendigits__sta4__fixed-ry-rz__L1__lr0.01__bs32__seed0,pendigits,sta4,fixed-ry-rz,1,0,checkpoints,validation,32,8,0,53.59813817893155,True,gnu_time_v,4078452,3982.86328125,True,nvidia-smi memory.used before/after subprocess,0.0,0.0,0.0,2026-06-04T14:33:51.696515+00:00,2026-06-04T14:34:45.294659+00:00,results/tables/latent_state_diagnostics/resource_benchmarks_checkpoints/pendigits__pendigits__sta4__fixed-ry-rz__L1__lr0.01__bs32__seed0__checkpoints_runs.csv
complete,pendigits,pendigits__sta4__fixed-ry-rz__L32__lr0.01__bs32__seed0,pendigits,sta4,fixed-ry-rz,32,0,checkpoints,validation,32,8,0,261.4352943939157,True,gnu_time_v,4226280,4127.2265625,True,nvidia-smi memory.used before/after subprocess,0.0,0.0,0.0,2026-06-04T14:34:54.901711+00:00,2026-06-04T14:39:16.337010+00:00,results/tables/latent_state_diagnostics/resource_benchmarks_checkpoints/pendigits__pendigits__sta4__fixed-ry-rz__L32__lr0.01__bs32__seed0__checkpoints_runs.csv
complete,pendigits,pendigits__sta4__fixed-ry-rz__L8__lr0.01__bs32__seed0,pendigits,sta4,fixed-ry-rz,8,0,checkpoints,validation,32,8,0,95.21876557613723,True,gnu_time_v,4083016,3987.3203125,True,nvidia-smi memory.used before/after subprocess,0.0,0.0,0.0,2026-06-04T14:34:54.902024+00:00,2026-06-04T14:36:30.120794+00:00,results/tables/latent_state_diagnostics/resource_benchmarks_checkpoints/pendigits__pendigits__sta4__fixed-ry-rz__L8__lr0.01__bs32__seed0__checkpoints_runs.csv
complete,pendigits,pendigits__sta4__fixed-ry__L1__lr0.01__bs32__seed0,pendigits,sta4,fixed-ry,1,0,checkpoints,validation,32,8,0,43.2841465449892,True,gnu_time_v,3979748,3886.47265625,True,nvidia-smi memory.used before/after subprocess,0.0,0.0,0.0,2026-06-04T14:33:51.343271+00:00,2026-06-04T14:34:34.627423+00:00,results/tables/latent_state_diagnostics/resource_benchmarks_checkpoints/pendigits__pendigits__sta4__fixed-ry__L1__lr0.01__bs32__seed0__checkpoints_runs.csv
complete,pendigits,pendigits__sta4__fixed-ry__L32__lr0.01__bs32__seed0,pendigits,sta4,fixed-ry,32,0,checkpoints,validation,32,8,0,226.75027967593633,True,gnu_time_v,4148820,4051.58203125,True,nvidia-smi memory.used before/after subprocess,0.0,0.0,0.0,2026-06-04T14:33:51.696129+00:00,2026-06-04T14:37:38.446414+00:00,results/tables/latent_state_diagnostics/resource_benchmarks_checkpoints/pendigits__pendigits__sta4__fixed-ry__L32__lr0.01__bs32__seed0__checkpoints_runs.csv
complete,pendigits,pendigits__sta4__fixed-ry__L8__lr0.01__bs32__seed0,pendigits,sta4,fixed-ry,8,0,checkpoints,validation,32,8,0,87.45307020004839,True,gnu_time_v,4016172,3922.04296875,True,nvidia-smi memory.used before/after subprocess,0.0,0.0,0.0,2026-06-04T14:33:49.531940+00:00,2026-06-04T14:35:16.985017+00:00,results/tables/latent_state_diagnostics/resource_benchmarks_checkpoints/pendigits__pendigits__sta4__fixed-ry__L8__lr0.01__bs32__seed0__checkpoints_runs.csv
complete,pendigits,pendigits__sta4__non-overlap-patch-block-hamiltonian__L1__lr0.01__bs32__seed0,pendigits,sta4,non-overlap-patch-block-hamiltonian,1,0,checkpoints,validation,32,8,0,37.664650866994634,True,gnu_time_v,4012952,3918.8984375,True,nvidia-smi memory.used before/after subprocess,0.0,0.0,0.0,2026-06-04T14:39:36.048283+00:00,2026-06-04T14:40:13.712939+00:00,results/tables/latent_state_diagnostics/resource_benchmarks_checkpoints/pendigits__pendigits__sta4__non-overlap-patch-block-hamiltonian__L1__lr0.01__bs32__seed0__checkpoints_runs.csv
complete,pendigits,pendigits__sta4__non-overlap-patch-block-hamiltonian__L32__lr0.01__bs32__seed0,pendigits,sta4,non-overlap-patch-block-hamiltonian,32,0,checkpoints,validation,32,8,0,118.34448440698907,True,gnu_time_v,4089720,3993.8671875,True,nvidia-smi memory.used before/after subprocess,0.0,0.0,0.0,2026-06-04T14:40:39.182056+00:00,2026-06-04T14:42:37.526545+00:00,results/tables/latent_state_diagnostics/resource_benchmarks_checkpoints/pendigits__pendigits__sta4__non-overlap-patch-block-hamiltonian__L32__lr0.01__bs32__seed0__checkpoints_runs.csv
complete,pendigits,pendigits__sta4__non-overlap-patch-block-hamiltonian__L8__lr0.01__bs32__seed0,pendigits,sta4,non-overlap-patch-block-hamiltonian,8,0,checkpoints,validation,32,8,0,62.00566147593781,True,gnu_time_v,3975724,3882.54296875,True,nvidia-smi memory.used before/after subprocess,0.0,0.0,0.0,2026-06-04T14:40:07.935832+00:00,2026-06-04T14:41:09.941502+00:00,results/tables/latent_state_diagnostics/resource_benchmarks_checkpoints/pendigits__pendigits__sta4__non-overlap-patch-block-hamiltonian__L8__lr0.01__bs32__seed0__checkpoints_runs.csv
complete,pendigits,pendigits__sta4__patch-su4__L1__lr0.01__bs32__seed0,pendigits,sta4,patch-su4,1,0,checkpoints,validation,32,8,0,42.37358110793866,True,gnu_time_v,4062068,3966.86328125,True,nvidia-smi memory.used before/after subprocess,0.0,0.0,0.0,2026-06-04T14:36:59.880891+00:00,2026-06-04T14:37:42.254476+00:00,results/tables/latent_state_diagnostics/resource_benchmarks_checkpoints/pendigits__pendigits__sta4__patch-su4__L1__lr0.01__bs32__seed0__checkpoints_runs.csv
complete,pendigits,pendigits__sta4__patch-su4__L32__lr0.01__bs32__seed0,pendigits,sta4,patch-su4,32,0,checkpoints,validation,32,8,0,155.25118242995813,True,gnu_time_v,4141544,4044.4765625,True,nvidia-smi memory.used before/after subprocess,0.0,0.0,0.0,2026-06-04T14:38:02.267074+00:00,2026-06-04T14:40:37.518261+00:00,results/tables/latent_state_diagnostics/resource_benchmarks_checkpoints/pendigits__pendigits__sta4__patch-su4__L32__lr0.01__bs32__seed0__checkpoints_runs.csv
complete,pendigits,pendigits__sta4__patch-su4__L8__lr0.01__bs32__seed0,pendigits,sta4,patch-su4,8,0,checkpoints,validation,32,8,0,83.97655322006904,True,gnu_time_v,4157700,4060.25390625,True,nvidia-smi memory.used before/after subprocess,0.0,0.0,0.0,2026-06-04T14:37:31.008142+00:00,2026-06-04T14:38:54.984702+00:00,results/tables/latent_state_diagnostics/resource_benchmarks_checkpoints/pendigits__pendigits__sta4__patch-su4__L8__lr0.01__bs32__seed0__checkpoints_runs.csv
complete,pendigits,pendigits__sta4__symmetric-hamiltonian__L1__lr0.01__bs32__seed0,pendigits,sta4,symmetric-hamiltonian,1,0,checkpoints,validation,32,8,0,41.601611469872296,True,gnu_time_v,4039464,3944.7890625,True,nvidia-smi memory.used before/after subprocess,0.0,0.0,0.0,2026-06-04T14:40:39.751841+00:00,2026-06-04T14:41:21.353460+00:00,results/tables/latent_state_diagnostics/resource_benchmarks_checkpoints/pendigits__pendigits__sta4__symmetric-hamiltonian__L1__lr0.01__bs32__seed0__checkpoints_runs.csv
complete,pendigits,pendigits__sta4__symmetric-hamiltonian__L32__lr0.01__bs32__seed0,pendigits,sta4,symmetric-hamiltonian,32,0,checkpoints,validation,32,8,0,96.71664155297913,True,gnu_time_v,4151116,4053.82421875,True,nvidia-smi memory.used before/after subprocess,0.0,0.0,0.0,2026-06-04T14:41:42.108166+00:00,2026-06-04T14:43:18.824814+00:00,results/tables/latent_state_diagnostics/resource_benchmarks_checkpoints/pendigits__pendigits__sta4__symmetric-hamiltonian__L32__lr0.01__bs32__seed0__checkpoints_runs.csv
complete,pendigits,pendigits__sta4__symmetric-hamiltonian__L8__lr0.01__bs32__seed0,pendigits,sta4,symmetric-hamiltonian,8,0,checkpoints,validation,32,8,0,48.16231725597754,True,gnu_time_v,4073388,3977.91796875,True,nvidia-smi memory.used before/after subprocess,0.0,0.0,0.0,2026-06-04T14:41:09.878746+00:00,2026-06-04T14:41:58.041069+00:00,results/tables/latent_state_diagnostics/resource_benchmarks_checkpoints/pendigits__pendigits__sta4__symmetric-hamiltonian__L8__lr0.01__bs32__seed0__checkpoints_runs.csv
complete,pendigits,pendigits__sta4__trainable-frequency-ry__L1__lr0.01__bs32__seed0,pendigits,sta4,trainable-frequency-ry,1,0,checkpoints,validation,32,8,0,49.560442010872066,True,gnu_time_v,3959864,3867.0546875,True,nvidia-smi memory.used before/after subprocess,0.0,0.0,0.0,2026-06-04T14:34:54.741043+00:00,2026-06-04T14:35:44.301492+00:00,results/tables/latent_state_diagnostics/resource_benchmarks_checkpoints/pendigits__pendigits__sta4__trainable-frequency-ry__L1__lr0.01__bs32__seed0__checkpoints_runs.csv
complete,pendigits,pendigits__sta4__trainable-frequency-ry__L32__lr0.01__bs32__seed0,pendigits,sta4,trainable-frequency-ry,32,0,checkpoints,validation,32,8,0,245.77972468198277,True,gnu_time_v,4107724,4011.44921875,True,nvidia-smi memory.used before/after subprocess,0.0,0.0,0.0,2026-06-04T14:35:57.010791+00:00,2026-06-04T14:40:02.790522+00:00,results/tables/latent_state_diagnostics/resource_benchmarks_checkpoints/pendigits__pendigits__sta4__trainable-frequency-ry__L32__lr0.01__bs32__seed0__checkpoints_runs.csv
complete,pendigits,pendigits__sta4__trainable-frequency-ry__L8__lr0.01__bs32__seed0,pendigits,sta4,trainable-frequency-ry,8,0,checkpoints,validation,32,8,0,106.56449858378619,True,gnu_time_v,4081116,3985.46484375,True,nvidia-smi memory.used before/after subprocess,0.0,0.0,0.0,2026-06-04T14:35:26.408817+00:00,2026-06-04T14:37:12.973325+00:00,results/tables/latent_state_diagnostics/resource_benchmarks_checkpoints/pendigits__pendigits__sta4__trainable-frequency-ry__L8__lr0.01__bs32__seed0__checkpoints_runs.csv
complete,pendigits,pendigits__sta4__trainable-patch-su4__L1__lr0.01__bs32__seed0,pendigits,sta4,trainable-patch-su4,1,0,checkpoints,validation,32,8,0,43.61794639308937,True,gnu_time_v,4078268,3982.68359375,True,nvidia-smi memory.used before/after subprocess,0.0,0.0,0.0,2026-06-04T14:38:01.974271+00:00,2026-06-04T14:38:45.592222+00:00,results/tables/latent_state_diagnostics/resource_benchmarks_checkpoints/pendigits__pendigits__sta4__trainable-patch-su4__L1__lr0.01__bs32__seed0__checkpoints_runs.csv
complete,pendigits,pendigits__sta4__trainable-patch-su4__L32__lr0.01__bs32__seed0,pendigits,sta4,trainable-patch-su4,32,0,checkpoints,validation,32,8,0,146.6747731049545,True,gnu_time_v,4023320,3929.0234375,True,nvidia-smi memory.used before/after subprocess,0.0,0.0,0.0,2026-06-04T14:39:05.122152+00:00,2026-06-04T14:41:31.796931+00:00,results/tables/latent_state_diagnostics/resource_benchmarks_checkpoints/pendigits__pendigits__sta4__trainable-patch-su4__L32__lr0.01__bs32__seed0__checkpoints_runs.csv
complete,pendigits,pendigits__sta4__trainable-patch-su4__L8__lr0.01__bs32__seed0,pendigits,sta4,trainable-patch-su4,8,0,checkpoints,validation,32,8,0,78.82238318980671,True,gnu_time_v,4116204,4019.73046875,True,nvidia-smi memory.used before/after subprocess,0.0,0.0,0.0,2026-06-04T14:39:05.589167+00:00,2026-06-04T14:40:24.411559+00:00,results/tables/latent_state_diagnostics/resource_benchmarks_checkpoints/pendigits__pendigits__sta4__trainable-patch-su4__L8__lr0.01__bs32__seed0__checkpoints_runs.csv
complete,synthetic,synthetic-eigengap__synthetic__block-hamiltonian__L1__lr0.01__bs64__seed0,synthetic-eigengap,synthetic,block-hamiltonian,1,0,checkpoints,validation,32,8,0,33.76693898602389,True,gnu_time_v,3990032,3896.515625,True,nvidia-smi memory.used before/after subprocess,0.0,0.0,0.0,2026-06-04T14:50:30.747476+00:00,2026-06-04T14:51:04.514421+00:00,results/tables/latent_state_diagnostics/resource_benchmarks_checkpoints/synthetic__synthetic-eigengap__synthetic__block-hamiltonian__L1__lr0.01__bs64__seed0__checkpoints_runs.csv
complete,synthetic,synthetic-eigengap__synthetic__block-hamiltonian__L32__lr0.01__bs64__seed0,synthetic-eigengap,synthetic,block-hamiltonian,32,0,checkpoints,validation,32,8,0,88.1931375078857,True,gnu_time_v,4285824,4185.375,True,nvidia-smi memory.used before/after subprocess,0.0,0.0,0.0,2026-06-04T14:50:31.776095+00:00,2026-06-04T14:51:59.969241+00:00,results/tables/latent_state_diagnostics/resource_benchmarks_checkpoints/synthetic__synthetic-eigengap__synthetic__block-hamiltonian__L32__lr0.01__bs64__seed0__checkpoints_runs.csv
complete,synthetic,synthetic-eigengap__synthetic__block-hamiltonian__L8__lr0.01__bs64__seed0,synthetic-eigengap,synthetic,block-hamiltonian,8,0,checkpoints,validation,32,8,0,49.188409060938284,True,gnu_time_v,4107996,4011.71484375,True,nvidia-smi memory.used before/after subprocess,0.0,0.0,0.0,2026-06-04T14:50:31.060522+00:00,2026-06-04T14:51:20.248936+00:00,results/tables/latent_state_diagnostics/resource_benchmarks_checkpoints/synthetic__synthetic-eigengap__synthetic__block-hamiltonian__L8__lr0.01__bs64__seed0__checkpoints_runs.csv
complete,synthetic,synthetic-eigengap__synthetic__fixed-ry-rz__L1__lr0.01__bs64__seed0,synthetic-eigengap,synthetic,fixed-ry-rz,1,0,checkpoints,validation,32,8,0,44.49496533698402,True,gnu_time_v,4064924,3969.65234375,True,nvidia-smi memory.used before/after subprocess,0.0,0.0,0.0,2026-06-04T14:43:45.638048+00:00,2026-06-04T14:44:30.133019+00:00,results/tables/latent_state_diagnostics/resource_benchmarks_checkpoints/synthetic__synthetic-eigengap__synthetic__fixed-ry-rz__L1__lr0.01__bs64__seed0__checkpoints_runs.csv
complete,synthetic,synthetic-eigengap__synthetic__fixed-ry-rz__L32__lr0.01__bs64__seed0,synthetic-eigengap,synthetic,fixed-ry-rz,32,0,checkpoints,validation,32,8,0,277.43136555398814,True,gnu_time_v,4178856,4080.9140625,True,nvidia-smi memory.used before/after subprocess,0.0,0.0,0.0,2026-06-04T14:43:46.584641+00:00,2026-06-04T14:48:24.016014+00:00,results/tables/latent_state_diagnostics/resource_benchmarks_checkpoints/synthetic__synthetic-eigengap__synthetic__fixed-ry-rz__L32__lr0.01__bs64__seed0__checkpoints_runs.csv
complete,synthetic,synthetic-eigengap__synthetic__fixed-ry-rz__L8__lr0.01__bs64__seed0,synthetic-eigengap,synthetic,fixed-ry-rz,8,0,checkpoints,validation,32,8,0,96.563571422128,True,gnu_time_v,4203856,4105.328125,True,nvidia-smi memory.used before/after subprocess,0.0,0.0,0.0,2026-06-04T14:43:45.638368+00:00,2026-06-04T14:45:22.201945+00:00,results/tables/latent_state_diagnostics/resource_benchmarks_checkpoints/synthetic__synthetic-eigengap__synthetic__fixed-ry-rz__L8__lr0.01__bs64__seed0__checkpoints_runs.csv
complete,synthetic,synthetic-eigengap__synthetic__fixed-ry__L1__lr0.01__bs64__seed0,synthetic-eigengap,synthetic,fixed-ry,1,0,checkpoints,validation,32,8,0,41.97790839616209,True,gnu_time_v,4060048,3964.890625,True,nvidia-smi memory.used before/after subprocess,0.0,0.0,0.0,2026-06-04T14:42:43.703671+00:00,2026-06-04T14:43:25.681585+00:00,results/tables/latent_state_diagnostics/resource_benchmarks_checkpoints/synthetic__synthetic-eigengap__synthetic__fixed-ry__L1__lr0.01__bs64__seed0__checkpoints_runs.csv
complete,synthetic,synthetic-eigengap__synthetic__fixed-ry__L32__lr0.01__bs64__seed0,synthetic-eigengap,synthetic,fixed-ry,32,0,checkpoints,validation,32,8,0,235.54417240805924,True,gnu_time_v,4178688,4080.75,True,nvidia-smi memory.used before/after subprocess,0.0,0.0,0.0,2026-06-04T14:42:44.338860+00:00,2026-06-04T14:46:39.883039+00:00,results/tables/latent_state_diagnostics/resource_benchmarks_checkpoints/synthetic__synthetic-eigengap__synthetic__fixed-ry__L32__lr0.01__bs64__seed0__checkpoints_runs.csv
complete,synthetic,synthetic-eigengap__synthetic__fixed-ry__L8__lr0.01__bs64__seed0,synthetic-eigengap,synthetic,fixed-ry,8,0,checkpoints,validation,32,8,0,87.95896162395366,True,gnu_time_v,4154924,4057.54296875,True,nvidia-smi memory.used before/after subprocess,0.0,0.0,0.0,2026-06-04T14:42:44.338669+00:00,2026-06-04T14:44:12.297635+00:00,results/tables/latent_state_diagnostics/resource_benchmarks_checkpoints/synthetic__synthetic-eigengap__synthetic__fixed-ry__L8__lr0.01__bs64__seed0__checkpoints_runs.csv
complete,synthetic,synthetic-eigengap__synthetic__non-overlap-patch-block-hamiltonian__L1__lr0.01__bs64__seed0,synthetic-eigengap,synthetic,non-overlap-patch-block-hamiltonian,1,0,checkpoints,validation,32,8,0,35.46763858804479,True,gnu_time_v,3993132,3899.54296875,True,nvidia-smi memory.used before/after subprocess,0.0,0.0,0.0,2026-06-04T14:48:25.820761+00:00,2026-06-04T14:49:01.288405+00:00,results/tables/latent_state_diagnostics/resource_benchmarks_checkpoints/synthetic__synthetic-eigengap__synthetic__non-overlap-patch-block-hamiltonian__L1__lr0.01__bs64__seed0__checkpoints_runs.csv
complete,synthetic,synthetic-eigengap__synthetic__non-overlap-patch-block-hamiltonian__L32__lr0.01__bs64__seed0,synthetic-eigengap,synthetic,non-overlap-patch-block-hamiltonian,32,0,checkpoints,validation,32,8,0,119.07918521296233,True,gnu_time_v,4139140,4042.12890625,True,nvidia-smi memory.used before/after subprocess,0.0,0.0,0.0,2026-06-04T14:49:28.417441+00:00,2026-06-04T14:51:27.496632+00:00,results/tables/latent_state_diagnostics/resource_benchmarks_checkpoints/synthetic__synthetic-eigengap__synthetic__non-overlap-patch-block-hamiltonian__L32__lr0.01__bs64__seed0__checkpoints_runs.csv
complete,synthetic,synthetic-eigengap__synthetic__non-overlap-patch-block-hamiltonian__L8__lr0.01__bs64__seed0,synthetic-eigengap,synthetic,non-overlap-patch-block-hamiltonian,8,0,checkpoints,validation,32,8,0,73.05604344094172,True,gnu_time_v,4191552,4093.3125,True,nvidia-smi memory.used before/after subprocess,0.0,0.0,0.0,2026-06-04T14:48:57.383164+00:00,2026-06-04T14:50:10.439214+00:00,results/tables/latent_state_diagnostics/resource_benchmarks_checkpoints/synthetic__synthetic-eigengap__synthetic__non-overlap-patch-block-hamiltonian__L8__lr0.01__bs64__seed0__checkpoints_runs.csv
complete,synthetic,synthetic-eigengap__synthetic__patch-su4__L1__lr0.01__bs64__seed0,synthetic-eigengap,synthetic,patch-su4,1,0,checkpoints,validation,32,8,0,34.52194288885221,True,gnu_time_v,4009304,3915.3359375,True,nvidia-smi memory.used before/after subprocess,0.0,0.0,0.0,2026-06-04T14:45:50.503550+00:00,2026-06-04T14:46:25.025498+00:00,results/tables/latent_state_diagnostics/resource_benchmarks_checkpoints/synthetic__synthetic-eigengap__synthetic__patch-su4__L1__lr0.01__bs64__seed0__checkpoints_runs.csv
complete,synthetic,synthetic-eigengap__synthetic__patch-su4__L32__lr0.01__bs64__seed0,synthetic-eigengap,synthetic,patch-su4,32,0,checkpoints,validation,32,8,0,149.30089650698937,True,gnu_time_v,4091812,3995.91015625,True,nvidia-smi memory.used before/after subprocess,0.0,0.0,0.0,2026-06-04T14:46:52.954186+00:00,2026-06-04T14:49:22.255087+00:00,results/tables/latent_state_diagnostics/resource_benchmarks_checkpoints/synthetic__synthetic-eigengap__synthetic__patch-su4__L32__lr0.01__bs64__seed0__checkpoints_runs.csv
complete,synthetic,synthetic-eigengap__synthetic__patch-su4__L8__lr0.01__bs64__seed0,synthetic-eigengap,synthetic,patch-su4,8,0,checkpoints,validation,32,8,0,69.06456552399322,True,gnu_time_v,4161168,4063.640625,True,nvidia-smi memory.used before/after subprocess,0.0,0.0,0.0,2026-06-04T14:46:52.954400+00:00,2026-06-04T14:48:02.018971+00:00,results/tables/latent_state_diagnostics/resource_benchmarks_checkpoints/synthetic__synthetic-eigengap__synthetic__patch-su4__L8__lr0.01__bs64__seed0__checkpoints_runs.csv
complete,synthetic,synthetic-eigengap__synthetic__symmetric-hamiltonian__L1__lr0.01__bs64__seed0,synthetic-eigengap,synthetic,symmetric-hamiltonian,1,0,checkpoints,validation,32,8,0,31.217009340180084,True,gnu_time_v,3924200,3832.2265625,True,nvidia-smi memory.used before/after subprocess,0.0,0.0,0.0,2026-06-04T14:49:28.417297+00:00,2026-06-04T14:49:59.634311+00:00,results/tables/latent_state_diagnostics/resource_benchmarks_checkpoints/synthetic__synthetic-eigengap__synthetic__symmetric-hamiltonian__L1__lr0.01__bs64__seed0__checkpoints_runs.csv
complete,synthetic,synthetic-eigengap__synthetic__symmetric-hamiltonian__L32__lr0.01__bs64__seed0,synthetic-eigengap,synthetic,symmetric-hamiltonian,32,0,checkpoints,validation,32,8,0,66.1008168880362,True,gnu_time_v,4278044,4177.77734375,True,nvidia-smi memory.used before/after subprocess,0.0,0.0,0.0,2026-06-04T14:49:28.878960+00:00,2026-06-04T14:50:34.979782+00:00,results/tables/latent_state_diagnostics/resource_benchmarks_checkpoints/synthetic__synthetic-eigengap__synthetic__symmetric-hamiltonian__L32__lr0.01__bs64__seed0__checkpoints_runs.csv
complete,synthetic,synthetic-eigengap__synthetic__symmetric-hamiltonian__L8__lr0.01__bs64__seed0,synthetic-eigengap,synthetic,symmetric-hamiltonian,8,0,checkpoints,validation,32,8,0,51.58461344684474,True,gnu_time_v,4208000,4109.375,True,nvidia-smi memory.used before/after subprocess,0.0,0.0,0.0,2026-06-04T14:49:29.233377+00:00,2026-06-04T14:50:20.817996+00:00,results/tables/latent_state_diagnostics/resource_benchmarks_checkpoints/synthetic__synthetic-eigengap__synthetic__symmetric-hamiltonian__L8__lr0.01__bs64__seed0__checkpoints_runs.csv
complete,synthetic,synthetic-eigengap__synthetic__trainable-frequency-ry__L1__lr0.01__bs64__seed0,synthetic-eigengap,synthetic,trainable-frequency-ry,1,0,checkpoints,validation,32,8,0,45.74761963705532,True,gnu_time_v,4052692,3957.70703125,True,nvidia-smi memory.used before/after subprocess,0.0,0.0,0.0,2026-06-04T14:44:16.767020+00:00,2026-06-04T14:45:02.514645+00:00,results/tables/latent_state_diagnostics/resource_benchmarks_checkpoints/synthetic__synthetic-eigengap__synthetic__trainable-frequency-ry__L1__lr0.01__bs64__seed0__checkpoints_runs.csv
complete,synthetic,synthetic-eigengap__synthetic__trainable-frequency-ry__L32__lr0.01__bs64__seed0,synthetic-eigengap,synthetic,trainable-frequency-ry,32,0,checkpoints,validation,32,8,0,227.14824504801072,True,gnu_time_v,4219520,4120.625,True,nvidia-smi memory.used before/after subprocess,0.0,0.0,0.0,2026-06-04T14:45:19.597577+00:00,2026-06-04T14:49:06.745827+00:00,results/tables/latent_state_diagnostics/resource_benchmarks_checkpoints/synthetic__synthetic-eigengap__synthetic__trainable-frequency-ry__L32__lr0.01__bs64__seed0__checkpoints_runs.csv
complete,synthetic,synthetic-eigengap__synthetic__trainable-frequency-ry__L8__lr0.01__bs64__seed0,synthetic-eigengap,synthetic,trainable-frequency-ry,8,0,checkpoints,validation,32,8,0,90.1017704620026,True,gnu_time_v,4156500,4059.08203125,True,nvidia-smi memory.used before/after subprocess,0.0,0.0,0.0,2026-06-04T14:44:47.983127+00:00,2026-06-04T14:46:18.084903+00:00,results/tables/latent_state_diagnostics/resource_benchmarks_checkpoints/synthetic__synthetic-eigengap__synthetic__trainable-frequency-ry__L8__lr0.01__bs64__seed0__checkpoints_runs.csv
complete,synthetic,synthetic-eigengap__synthetic__trainable-patch-su4__L1__lr0.01__bs64__seed0,synthetic-eigengap,synthetic,trainable-patch-su4,1,0,checkpoints,validation,32,8,0,43.124163281871006,True,gnu_time_v,4070448,3975.046875,True,nvidia-smi memory.used before/after subprocess,0.0,0.0,0.0,2026-06-04T14:46:53.156202+00:00,2026-06-04T14:47:36.280373+00:00,results/tables/latent_state_diagnostics/resource_benchmarks_checkpoints/synthetic__synthetic-eigengap__synthetic__trainable-patch-su4__L1__lr0.01__bs64__seed0__checkpoints_runs.csv
complete,synthetic,synthetic-eigengap__synthetic__trainable-patch-su4__L32__lr0.01__bs64__seed0,synthetic-eigengap,synthetic,trainable-patch-su4,32,0,checkpoints,validation,32,8,0,159.1629162649624,True,gnu_time_v,4131152,4034.328125,True,nvidia-smi memory.used before/after subprocess,0.0,0.0,0.0,2026-06-04T14:47:55.333752+00:00,2026-06-04T14:50:34.496675+00:00,results/tables/latent_state_diagnostics/resource_benchmarks_checkpoints/synthetic__synthetic-eigengap__synthetic__trainable-patch-su4__L32__lr0.01__bs64__seed0__checkpoints_runs.csv
complete,synthetic,synthetic-eigengap__synthetic__trainable-patch-su4__L8__lr0.01__bs64__seed0,synthetic-eigengap,synthetic,trainable-patch-su4,8,0,checkpoints,validation,32,8,0,68.14075551298447,True,gnu_time_v,4036248,3941.6484375,True,nvidia-smi memory.used before/after subprocess,0.0,0.0,0.0,2026-06-04T14:47:55.287934+00:00,2026-06-04T14:49:03.428694+00:00,results/tables/latent_state_diagnostics/resource_benchmarks_checkpoints/synthetic__synthetic-eigengap__synthetic__trainable-patch-su4__L8__lr0.01__bs64__seed0__checkpoints_runs.csv
complete,synthetic,synthetic-singular__synthetic__block-hamiltonian__L1__lr0.01__bs64__seed0,synthetic-singular,synthetic,block-hamiltonian,1,0,checkpoints,validation,32,8,0,45.405452128034085,True,gnu_time_v,4118244,4021.72265625,True,nvidia-smi memory.used before/after subprocess,0.0,0.0,0.0,2026-06-04T14:57:47.085464+00:00,2026-06-04T14:58:32.490923+00:00,results/tables/latent_state_diagnostics/resource_benchmarks_checkpoints/synthetic__synthetic-singular__synthetic__block-hamiltonian__L1__lr0.01__bs64__seed0__checkpoints_runs.csv
complete,synthetic,synthetic-singular__synthetic__block-hamiltonian__L32__lr0.01__bs64__seed0,synthetic-singular,synthetic,block-hamiltonian,32,0,checkpoints,validation,32,8,0,88.03326229006052,True,gnu_time_v,4314228,4213.11328125,True,nvidia-smi memory.used before/after subprocess,0.0,0.0,0.0,2026-06-04T14:58:48.680949+00:00,2026-06-04T15:00:16.714216+00:00,results/tables/latent_state_diagnostics/resource_benchmarks_checkpoints/synthetic__synthetic-singular__synthetic__block-hamiltonian__L32__lr0.01__bs64__seed0__checkpoints_runs.csv
complete,synthetic,synthetic-singular__synthetic__block-hamiltonian__L8__lr0.01__bs64__seed0,synthetic-singular,synthetic,block-hamiltonian,8,0,checkpoints,validation,32,8,0,55.80746727879159,True,gnu_time_v,4224320,4125.3125,True,nvidia-smi memory.used before/after subprocess,0.0,0.0,0.0,2026-06-04T14:58:18.157790+00:00,2026-06-04T14:59:13.965264+00:00,results/tables/latent_state_diagnostics/resource_benchmarks_checkpoints/synthetic__synthetic-singular__synthetic__block-hamiltonian__L8__lr0.01__bs64__seed0__checkpoints_runs.csv
complete,synthetic,synthetic-singular__synthetic__fixed-ry-rz__L1__lr0.01__bs64__seed0,synthetic-singular,synthetic,fixed-ry-rz,1,0,checkpoints,validation,32,8,0,46.09519373578951,True,gnu_time_v,4096384,4000.375,True,nvidia-smi memory.used before/after subprocess,0.0,0.0,0.0,2026-06-04T14:51:33.193290+00:00,2026-06-04T14:52:19.288488+00:00,results/tables/latent_state_diagnostics/resource_benchmarks_checkpoints/synthetic__synthetic-singular__synthetic__fixed-ry-rz__L1__lr0.01__bs64__seed0__checkpoints_runs.csv
complete,synthetic,synthetic-singular__synthetic__fixed-ry-rz__L32__lr0.01__bs64__seed0,synthetic-singular,synthetic,fixed-ry-rz,32,0,checkpoints,validation,32,8,0,254.53735579107888,True,gnu_time_v,4311428,4210.37890625,True,nvidia-smi memory.used before/after subprocess,0.0,0.0,0.0,2026-06-04T14:52:04.078983+00:00,2026-06-04T14:56:18.616344+00:00,results/tables/latent_state_diagnostics/resource_benchmarks_checkpoints/synthetic__synthetic-singular__synthetic__fixed-ry-rz__L32__lr0.01__bs64__seed0__checkpoints_runs.csv
complete,synthetic,synthetic-singular__synthetic__fixed-ry-rz__L8__lr0.01__bs64__seed0,synthetic-singular,synthetic,fixed-ry-rz,8,0,checkpoints,validation,32,8,0,109.11388469021767,True,gnu_time_v,4196500,4098.14453125,True,nvidia-smi memory.used before/after subprocess,0.0,0.0,0.0,2026-06-04T14:51:33.504403+00:00,2026-06-04T14:53:22.618294+00:00,results/tables/latent_state_diagnostics/resource_benchmarks_checkpoints/synthetic__synthetic-singular__synthetic__fixed-ry-rz__L8__lr0.01__bs64__seed0__checkpoints_runs.csv
complete,synthetic,synthetic-singular__synthetic__fixed-ry__L1__lr0.01__bs64__seed0,synthetic-singular,synthetic,fixed-ry,1,0,checkpoints,validation,32,8,0,48.41697037988342,True,gnu_time_v,4141840,4044.765625,True,nvidia-smi memory.used before/after subprocess,0.0,0.0,0.0,2026-06-04T14:51:02.162229+00:00,2026-06-04T14:51:50.579204+00:00,results/tables/latent_state_diagnostics/resource_benchmarks_checkpoints/synthetic__synthetic-singular__synthetic__fixed-ry__L1__lr0.01__bs64__seed0__checkpoints_runs.csv
complete,synthetic,synthetic-singular__synthetic__fixed-ry__L32__lr0.01__bs64__seed0,synthetic-singular,synthetic,fixed-ry,32,0,checkpoints,validation,32,8,0,226.41849067201838,True,gnu_time_v,4346728,4244.8515625,True,nvidia-smi memory.used before/after subprocess,0.0,0.0,0.0,2026-06-04T14:51:33.193430+00:00,2026-06-04T14:55:19.611926+00:00,results/tables/latent_state_diagnostics/resource_benchmarks_checkpoints/synthetic__synthetic-singular__synthetic__fixed-ry__L32__lr0.01__bs64__seed0__checkpoints_runs.csv
complete,synthetic,synthetic-singular__synthetic__fixed-ry__L8__lr0.01__bs64__seed0,synthetic-singular,synthetic,fixed-ry,8,0,checkpoints,validation,32,8,0,95.75706202886067,True,gnu_time_v,4192380,4094.12109375,True,nvidia-smi memory.used before/after subprocess,0.0,0.0,0.0,2026-06-04T14:51:02.163038+00:00,2026-06-04T14:52:37.920107+00:00,results/tables/latent_state_diagnostics/resource_benchmarks_checkpoints/synthetic__synthetic-singular__synthetic__fixed-ry__L8__lr0.01__bs64__seed0__checkpoints_runs.csv
complete,synthetic,synthetic-singular__synthetic__non-overlap-patch-block-hamiltonian__L1__lr0.01__bs64__seed0,synthetic-singular,synthetic,non-overlap-patch-block-hamiltonian,1,0,checkpoints,validation,32,8,0,50.60351902502589,True,gnu_time_v,4107300,4011.03515625,True,nvidia-smi memory.used before/after subprocess,0.0,0.0,0.0,2026-06-04T14:55:43.048030+00:00,2026-06-04T14:56:33.651556+00:00,results/tables/latent_state_diagnostics/resource_benchmarks_checkpoints/synthetic__synthetic-singular__synthetic__non-overlap-patch-block-hamiltonian__L1__lr0.01__bs64__seed0__checkpoints_runs.csv
complete,synthetic,synthetic-singular__synthetic__non-overlap-patch-block-hamiltonian__L32__lr0.01__bs64__seed0,synthetic-singular,synthetic,non-overlap-patch-block-hamiltonian,32,0,checkpoints,validation,32,8,0,148.94895214098506,True,gnu_time_v,4309308,4208.30859375,True,nvidia-smi memory.used before/after subprocess,0.0,0.0,0.0,2026-06-04T14:56:45.346089+00:00,2026-06-04T14:59:14.295048+00:00,results/tables/latent_state_diagnostics/resource_benchmarks_checkpoints/synthetic__synthetic-singular__synthetic__non-overlap-patch-block-hamiltonian__L32__lr0.01__bs64__seed0__checkpoints_runs.csv
complete,synthetic,synthetic-singular__synthetic__non-overlap-patch-block-hamiltonian__L8__lr0.01__bs64__seed0,synthetic-singular,synthetic,non-overlap-patch-block-hamiltonian,8,0,checkpoints,validation,32,8,0,70.13658710988238,True,gnu_time_v,4124328,4027.6640625,True,nvidia-smi memory.used before/after subprocess,0.0,0.0,0.0,2026-06-04T14:56:44.871819+00:00,2026-06-04T14:57:55.008412+00:00,results/tables/latent_state_diagnostics/resource_benchmarks_checkpoints/synthetic__synthetic-singular__synthetic__non-overlap-patch-block-hamiltonian__L8__lr0.01__bs64__seed0__checkpoints_runs.csv
complete,synthetic,synthetic-singular__synthetic__patch-su4__L1__lr0.01__bs64__seed0,synthetic-singular,synthetic,patch-su4,1,0,checkpoints,validation,32,8,0,41.395473413169384,True,gnu_time_v,4072348,3976.90234375,True,nvidia-smi memory.used before/after subprocess,0.0,0.0,0.0,2026-06-04T14:53:38.549248+00:00,2026-06-04T14:54:19.944726+00:00,results/tables/latent_state_diagnostics/resource_benchmarks_checkpoints/synthetic__synthetic-singular__synthetic__patch-su4__L1__lr0.01__bs64__seed0__checkpoints_runs.csv
complete,synthetic,synthetic-singular__synthetic__patch-su4__L32__lr0.01__bs64__seed0,synthetic-singular,synthetic,patch-su4,32,0,checkpoints,validation,32,8,0,151.8449475709349,True,gnu_time_v,4185384,4087.2890625,True,nvidia-smi memory.used before/after subprocess,0.0,0.0,0.0,2026-06-04T14:54:39.950838+00:00,2026-06-04T14:57:11.795792+00:00,results/tables/latent_state_diagnostics/resource_benchmarks_checkpoints/synthetic__synthetic-singular__synthetic__patch-su4__L32__lr0.01__bs64__seed0__checkpoints_runs.csv
complete,synthetic,synthetic-singular__synthetic__patch-su4__L8__lr0.01__bs64__seed0,synthetic-singular,synthetic,patch-su4,8,0,checkpoints,validation,32,8,0,73.77623558300547,True,gnu_time_v,4185860,4087.75390625,True,nvidia-smi memory.used before/after subprocess,0.0,0.0,0.0,2026-06-04T14:53:38.274215+00:00,2026-06-04T14:54:52.050457+00:00,results/tables/latent_state_diagnostics/resource_benchmarks_checkpoints/synthetic__synthetic-singular__synthetic__patch-su4__L8__lr0.01__bs64__seed0__checkpoints_runs.csv
complete,synthetic,synthetic-singular__synthetic__symmetric-hamiltonian__L1__lr0.01__bs64__seed0,synthetic-singular,synthetic,symmetric-hamiltonian,1,0,checkpoints,validation,32,8,0,40.544980925973505,True,gnu_time_v,4138160,4041.171875,True,nvidia-smi memory.used before/after subprocess,0.0,0.0,0.0,2026-06-04T14:56:44.639875+00:00,2026-06-04T14:57:25.184861+00:00,results/tables/latent_state_diagnostics/resource_benchmarks_checkpoints/synthetic__synthetic-singular__synthetic__symmetric-hamiltonian__L1__lr0.01__bs64__seed0__checkpoints_runs.csv
complete,synthetic,synthetic-singular__synthetic__symmetric-hamiltonian__L32__lr0.01__bs64__seed0,synthetic-singular,synthetic,symmetric-hamiltonian,32,0,checkpoints,validation,32,8,0,82.75600389693864,True,gnu_time_v,4321572,4220.28515625,True,nvidia-smi memory.used before/after subprocess,0.0,0.0,0.0,2026-06-04T14:57:47.084856+00:00,2026-06-04T14:59:09.840866+00:00,results/tables/latent_state_diagnostics/resource_benchmarks_checkpoints/synthetic__synthetic-singular__synthetic__symmetric-hamiltonian__L32__lr0.01__bs64__seed0__checkpoints_runs.csv
complete,synthetic,synthetic-singular__synthetic__symmetric-hamiltonian__L8__lr0.01__bs64__seed0,synthetic-singular,synthetic,symmetric-hamiltonian,8,0,checkpoints,validation,32,8,0,54.9417724350933,True,gnu_time_v,4261628,4161.74609375,True,nvidia-smi memory.used before/after subprocess,0.0,0.0,0.0,2026-06-04T14:57:46.725388+00:00,2026-06-04T14:58:41.667166+00:00,results/tables/latent_state_diagnostics/resource_benchmarks_checkpoints/synthetic__synthetic-singular__synthetic__symmetric-hamiltonian__L8__lr0.01__bs64__seed0__checkpoints_runs.csv
complete,synthetic,synthetic-singular__synthetic__trainable-frequency-ry__L1__lr0.01__bs64__seed0,synthetic-singular,synthetic,trainable-frequency-ry,1,0,checkpoints,validation,32,8,0,45.10977175901644,True,gnu_time_v,4096088,4000.0859375,True,nvidia-smi memory.used before/after subprocess,0.0,0.0,0.0,2026-06-04T14:52:35.857794+00:00,2026-06-04T14:53:20.967570+00:00,results/tables/latent_state_diagnostics/resource_benchmarks_checkpoints/synthetic__synthetic-singular__synthetic__trainable-frequency-ry__L1__lr0.01__bs64__seed0__checkpoints_runs.csv
complete,synthetic,synthetic-singular__synthetic__trainable-frequency-ry__L32__lr0.01__bs64__seed0,synthetic-singular,synthetic,trainable-frequency-ry,32,0,checkpoints,validation,32,8,0,254.1621500751935,True,gnu_time_v,4344360,4242.5390625,True,nvidia-smi memory.used before/after subprocess,0.0,0.0,0.0,2026-06-04T14:53:07.148374+00:00,2026-06-04T14:57:21.310531+00:00,results/tables/latent_state_diagnostics/resource_benchmarks_checkpoints/synthetic__synthetic-singular__synthetic__trainable-frequency-ry__L32__lr0.01__bs64__seed0__checkpoints_runs.csv
complete,synthetic,synthetic-singular__synthetic__trainable-frequency-ry__L8__lr0.01__bs64__seed0,synthetic-singular,synthetic,trainable-frequency-ry,8,0,checkpoints,validation,32,8,0,102.18862461694516,True,gnu_time_v,4148452,4051.22265625,True,nvidia-smi memory.used before/after subprocess,0.0,0.0,0.0,2026-06-04T14:52:36.290319+00:00,2026-06-04T14:54:18.478951+00:00,results/tables/latent_state_diagnostics/resource_benchmarks_checkpoints/synthetic__synthetic-singular__synthetic__trainable-frequency-ry__L8__lr0.01__bs64__seed0__checkpoints_runs.csv
complete,synthetic,synthetic-singular__synthetic__trainable-patch-su4__L1__lr0.01__bs64__seed0,synthetic-singular,synthetic,trainable-patch-su4,1,0,checkpoints,validation,32,8,0,41.80363406287506,True,gnu_time_v,3994004,3900.39453125,True,nvidia-smi memory.used before/after subprocess,0.0,0.0,0.0,2026-06-04T14:54:40.397495+00:00,2026-06-04T14:55:22.201135+00:00,results/tables/latent_state_diagnostics/resource_benchmarks_checkpoints/synthetic__synthetic-singular__synthetic__trainable-patch-su4__L1__lr0.01__bs64__seed0__checkpoints_runs.csv
complete,synthetic,synthetic-singular__synthetic__trainable-patch-su4__L32__lr0.01__bs64__seed0,synthetic-singular,synthetic,trainable-patch-su4,32,0,checkpoints,validation,32,8,0,152.39059002511203,True,gnu_time_v,4164448,4066.84375,True,nvidia-smi memory.used before/after subprocess,0.0,0.0,0.0,2026-06-04T14:55:42.537950+00:00,2026-06-04T14:58:14.928545+00:00,results/tables/latent_state_diagnostics/resource_benchmarks_checkpoints/synthetic__synthetic-singular__synthetic__trainable-patch-su4__L32__lr0.01__bs64__seed0__checkpoints_runs.csv
complete,synthetic,synthetic-singular__synthetic__trainable-patch-su4__L8__lr0.01__bs64__seed0,synthetic-singular,synthetic,trainable-patch-su4,8,0,checkpoints,validation,32,8,0,74.43534788000397,True,gnu_time_v,4187604,4089.45703125,True,nvidia-smi memory.used before/after subprocess,0.0,0.0,0.0,2026-06-04T14:55:11.234517+00:00,2026-06-04T14:56:25.669870+00:00,results/tables/latent_state_diagnostics/resource_benchmarks_checkpoints/synthetic__synthetic-singular__synthetic__trainable-patch-su4__L8__lr0.01__bs64__seed0__checkpoints_runs.csv
